Class,ISBN,Title,Author,Year Pub,Req-Rec,Documents   
 AAAS/WGS 125A 1,9780395901496,STREET,PETRY,N/A,REQ,0,
 AAAS/WGS 125A 1,9780486805634,VOICE FROM THE SOUTH,COOPER,N/A,REQ,0,
 AAAS/WGS 125A 1,9780486812069,A VOICE FROM THE SOUTH,COOPER,N/A,REQ,0,
 AAAS/WGS 125A 1,9780679767084,NO DISRESPECT,SOULJAH,N/A,REQ,0,
 AAAS/WGS 125A 1,9780895941220,ZAMI, NEW SPELLING OF MY NAME,LORDE,N/A,REQ,2,
 AAAS/WGS 125A 1,9781250112880,ELOQUENT RAGE,COOPER,N/A,REQ,0,
 AAAS/WGS 125A 1,9781476709130,REDEFINING REALNESS,MOCK,N/A,REQ,2,
 AAAS/WGS 125A 1,9781556520747,ASSATA,SHAKUR,N/A,REQ,2,
 AAAS/WGS 125A 1,9781613822616,INCIDENTS IN THE LIFE OF A SLAVE GIRL,JACOB,N/A,REQ,0,
 AAAS/WGS 125A 1,9781986588638,RED RECORD,WELLS BARNETT,N/A,REQ,0,
 AMST 166B 1,9780226431642,REVEL WITH A CAUSE,KERCHER,N/A,REQ,2,
 AMST 166B 1,9780814731994,SATIRE TV,GRAY,N/A,REQ,1,
 AMST 166B 1,9780814732168,SATIRE TV,AUTHOR INFO NOT AVAILABLE,N/A,REQ,1,
 AMST 166B 1,9781558497856,DANCE OF THE COMEDIANS,ROBINSON,N/A,REQ,0,
 AMST 166B 1,9781617038235,DECADE OF DARK HUMOR,GREENE,N/A,REQ,0,
 ANTH 123B 1,9780385483995,IN SMALL THINGS FORGOTTEN (EXP & REV),DEETZ,N/A,REQ,0,
 ANTH 123B 1,9780813918433,I, TOO, AM AMERICAN,SINGLETON,N/A,REC,1,
 ANTH 127A 1,9780520278431,HAUNTING IMAGES,GAMMELTOFT,N/A,REQ,3,
 ANTH 127A 1,9781400052189,IMMORTAL LIFE OF HENRIETTA LACKS,SKLOOT,N/A,REQ,0,
 ANTH 144A 1,9780226461007,TRAVESTI,KULICK,N/A,REQ,1,
 ANTH 157B 1,9780140092332,SWEETNESS & POWER,MINTZ,N/A,REQ,1,
 ANTH 157B 1,9780231132398,NOT OURS ALONE,FERRY,N/A,REQ,3,
 ANTH 157B 1,9780231507141,NOT OURS ALONE,FERRY,N/A,REQ,2,
 ANTH 157B 1,9780520325791,COLONIAL MIGRANTS AT THE HEART OF EMPIRE,GARCIA-COLON,N/A,REQ,2,
 ANTH 157B 1,9780691178325,MUSHROOM AT THE END OF THE WORLD,TSING,N/A,REQ,2,
 ANTH 157B 1,9781400873548,THE MUSHROOM AT THE END OF THE WORLD,TSING,N/A,REQ,2,
 ANTH 5A 1,9780143116646,WHY EVOLUTION IS TRUE,COYNE,N/A,REQ,1,
 ANTH 5A 1,9780307741806,STORY OF THE HUMAN BODY,LIEBERMAN,N/A,REQ,0,
 ANTH 5A 1,9781101873465,WHO WE ARE & HOW WE GOT HERE,REICH,N/A,REQ,0,
 ANTH 7A 1,9780500842447,ARCHAEOLOGY: THEORIES, METHODS, AND PRACTICE (EIGHTH EDITION),RENFREW,N/A,REQ,0,
 ANTH 7A 1,9780500843208,ARCHAEOLOGY W/EBOOK & INQUIZITIVE,RENFREW,N/A,REQ,0,
 ANTH 81A 1,9780822342328,WORLD OF LUCHA LIBRE,LEVI,N/A,REQ,1,
 ANTH 81A 1,9781438448787,VIRTUAL INTIMACIES,MCGLOTTEN,N/A,REQ,1,
 ARBC 10A 1,9780071462099,EASY ARABIC SCRIPT,WIGHTWICK,N/A,REQ,0,
 ARBC 10A 1,9780300214468,AHLAN WA SAHLAN LETTERS & SOUNDS OF ARABIC LANGUAGE (WBK),ALOSHA,N/A,REQ,0,
 ARBC 10A 1,9780300219890,AHLAN WA SAHLAN (W/OL MEDIA),ALOSH,N/A,REQ,0,
 ARBC 10A 2,9780071462099,EASY ARABIC SCRIPT,WIGHTWICK,N/A,REQ,0,
 ARBC 10A 2,9780300214468,AHLAN WA SAHLAN LETTERS & SOUNDS OF ARABIC LANGUAGE (WBK),ALOSHA,N/A,REQ,0,
 ARBC 10A 2,9780300219890,AHLAN WA SAHLAN (W/OL MEDIA),ALOSH,N/A,REQ,0,
 ARBC 30A 1,9780300219890,AHLAN WA SAHLAN (W/OL MEDIA),ALOSH,N/A,REQ,0,
 BCHM 100A 1,9781429234146,LEHNINGER PRIN OF BIOCHEMISTRY (W/OUT ACCESS CODE),NELSON,N/A,REQ,1,
 BCHM 100A 1,9781429294768,ABSOLUTE, ULTIMATE GDE-LEHNINGER PRIN OF BIO (SG/SM W/MAP),OSGOOD,N/A,REC,1,
 BCHM 104A 1,9781429290197,PHYSICAL CHEMISTRY,ATKINS,N/A,REQ,0,
 BIOL 101A 1,9780815345084,GENOMES,BROWN,N/A,REC,0,
 BIOL 101A 1,9781351851282,GENOMES 4,BROWN,N/A,REC,1,
 BIOL 101A 1,9781464126147,MOLECULAR BIOLOGY,COX,N/A,REC,1,
 BIOL 128A 1,9780323392068,THOMPSON & THOMPSON GENETICS IN MEDICINE E-BOOK,WILLARD,N/A,REQ,0,
 BIOL 128A 1,9781437706963,THOMPSON & .... GENETICS IN MEDICINE (W/BIND-IN ACCESS),NUSSBAUM,N/A,REQ,1,
 BIOL 132A 1,9780393614039,MICROBIOLOGY (W/DIGITAL PRODUCT ACCESS CODE),FOSTER,N/A,REQ,1,
 BIOL 132A 1,9780393616095,MICROBIOLOGY: AN EVOLVING SCIENCE (FOURTH EDITION),SLONCZEWSKI,N/A,REQ,0,
 BIOL 14A 1,9781319284367,ACHIEVE FOR BIOLOGY: HOW LIFE WORKS (TWENTY-FOUR MONTHS ACCESS),MORRIS,N/A,CHC,0,
 BIOL 14A 1,9781319376826,ACHIEVE FOR BIOLOGY: HOW LIFE WORKS (12 MTHS ACCESS),MORRIS,N/A,CHC,0,
 BIOL 14A 1,9781319392833,ACHIEVE FOR BIOLOGY: HOW LIFE WORKS (6 MTHS ACCESS),MORRIS,N/A,CHC,0,
 BIOL 14A 2,9781319284367,ACHIEVE FOR BIOLOGY: HOW LIFE WORKS (TWENTY-FOUR MONTHS ACCESS),MORRIS,N/A,CHC,0,
 BIOL 14A 2,9781319376826,ACHIEVE FOR BIOLOGY: HOW LIFE WORKS (12 MTHS ACCESS),MORRIS,N/A,CHC,0,
 BIOL 14A 2,9781319392833,ACHIEVE FOR BIOLOGY: HOW LIFE WORKS (6 MTHS ACCESS),MORRIS,N/A,CHC,0,
 BIOL 14A 3,9781319284367,ACHIEVE FOR BIOLOGY: HOW LIFE WORKS (TWENTY-FOUR MONTHS ACCESS),MORRIS,N/A,CHC,0,
 BIOL 14A 3,9781319376826,ACHIEVE FOR BIOLOGY: HOW LIFE WORKS (12 MTHS ACCESS),MORRIS,N/A,CHC,0,
 BIOL 14A 3,9781319392833,ACHIEVE FOR BIOLOGY: HOW LIFE WORKS (6 MTHS ACCESS),MORRIS,N/A,CHC,0,
 BIOL 14A 4,9781319284367,ACHIEVE FOR BIOLOGY: HOW LIFE WORKS (TWENTY-FOUR MONTHS ACCESS),MORRIS,N/A,CHC,0,
 AAAS/WGS 125A 1,9780394713519,WOMEN, RACE & CLASS,DAVIS,N/A,REQ,1,
 BIOL 14A 4,9781319392833,ACHIEVE FOR BIOLOGY: HOW LIFE WORKS (6 MTHS ACCESS),MORRIS,N/A,CHC,0,
 BIOL 14A 5,9781319284367,ACHIEVE FOR BIOLOGY: HOW LIFE WORKS (TWENTY-FOUR MONTHS ACCESS),MORRIS,N/A,CHC,0,
 BIOL 14A 4,9781319376826,ACHIEVE FOR BIOLOGY: HOW LIFE WORKS (12 MTHS ACCESS),MORRIS,N/A,CHC,0,
 BIOL 14A 5,9781319392833,ACHIEVE FOR BIOLOGY: HOW LIFE WORKS (6 MTHS ACCESS),MORRIS,N/A,CHC,0,
 BIOL 14A 6,9781319284367,ACHIEVE FOR BIOLOGY: HOW LIFE WORKS (TWENTY-FOUR MONTHS ACCESS),MORRIS,N/A,CHC,0,
 BIOL 14A 6,9781319376826,ACHIEVE FOR BIOLOGY: HOW LIFE WORKS (12 MTHS ACCESS),MORRIS,N/A,CHC,0,
 BIOL 14A 6,9781319392833,ACHIEVE FOR BIOLOGY: HOW LIFE WORKS (6 MTHS ACCESS),MORRIS,N/A,CHC,0,
 AAAS/WGS 125A 1,9780061120060,THEIR EYES WERE WATCHING GOD,HURSTON,N/A,REQ,1,
 BIOL 14A 7,9781319376826,ACHIEVE FOR BIOLOGY: HOW LIFE WORKS (12 MTHS ACCESS),MORRIS,N/A,CHC,0,
 BIOL 14A 7,9781319392833,ACHIEVE FOR BIOLOGY: HOW LIFE WORKS (6 MTHS ACCESS),MORRIS,N/A,CHC,0,
 BIOL 14A 8,9781319284367,ACHIEVE FOR BIOLOGY: HOW LIFE WORKS (TWENTY-FOUR MONTHS ACCESS),MORRIS,N/A,CHC,0,
 BIOL 14A 8,9781319376826,ACHIEVE FOR BIOLOGY: HOW LIFE WORKS (12 MTHS ACCESS),MORRIS,N/A,CHC,0,
 BIOL 15B 1,9781319284367,ACHIEVE FOR BIOLOGY: HOW LIFE WORKS (TWENTY-FOUR MONTHS ACCESS),MORRIS,N/A,CHC,0,
 BIOL 15B 1,9781319376826,ACHIEVE FOR BIOLOGY: HOW LIFE WORKS (12 MTHS ACCESS),MORRIS,N/A,CHC,0,
 BIOL 15B 1,9781319392833,ACHIEVE FOR BIOLOGY: HOW LIFE WORKS (6 MTHS ACCESS),MORRIS,N/A,CHC,0,
 BIOL 15B 2,9781319284367,ACHIEVE FOR BIOLOGY: HOW LIFE WORKS (TWENTY-FOUR MONTHS ACCESS),MORRIS,N/A,CHC,0,
 BIOL 15B 2,9781319376826,ACHIEVE FOR BIOLOGY: HOW LIFE WORKS (12 MTHS ACCESS),MORRIS,N/A,CHC,0,
 BIOL 15B 2,9781319392833,ACHIEVE FOR BIOLOGY: HOW LIFE WORKS (6 MTHS ACCESS),MORRIS,N/A,CHC,0,
 BIOL 15B 3,9781319284367,ACHIEVE FOR BIOLOGY: HOW LIFE WORKS (TWENTY-FOUR MONTHS ACCESS),MORRIS,N/A,CHC,0,
 BIOL 15B 3,9781319376826,ACHIEVE FOR BIOLOGY: HOW LIFE WORKS (12 MTHS ACCESS),MORRIS,N/A,CHC,0,
 BIOL 15B 3,9781319392833,ACHIEVE FOR BIOLOGY: HOW LIFE WORKS (6 MTHS ACCESS),MORRIS,N/A,CHC,0,
 BIOL 15B 4,9781319284367,ACHIEVE FOR BIOLOGY: HOW LIFE WORKS (TWENTY-FOUR MONTHS ACCESS),MORRIS,N/A,CHC,0,
 BIOL 15B 4,9781319376826,ACHIEVE FOR BIOLOGY: HOW LIFE WORKS (12 MTHS ACCESS),MORRIS,N/A,CHC,0,
 BIOL 15B 4,9781319392833,ACHIEVE FOR BIOLOGY: HOW LIFE WORKS (6 MTHS ACCESS),MORRIS,N/A,CHC,0,
 BIOL 160B 1,9780323313384,DEVELOPING HUMAN (W/BIND-IN ACCESS CODE),MOORE,N/A,CHC,1,
 BIOL 160B 1,9780323313483,THE DEVELOPING HUMAN E-BOOK,TORCHIA,N/A,CHC,0,
 BIOL 160B 1,9780323611541,DEVELOPING HUMAN,MOORE,N/A,CHC,1,
 BIOL 160B 1,9780323611565,THE DEVELOPING HUMAN - E-BOOK,MOORE,N/A,CHC,0,
 BIOL 16A 1,9781319284367,ACHIEVE FOR BIOLOGY: HOW LIFE WORKS (TWENTY-FOUR MONTHS ACCESS),MORRIS,N/A,CHC,0,
 BIOL 16A 1,9781319376826,ACHIEVE FOR BIOLOGY: HOW LIFE WORKS (12 MTHS ACCESS),MORRIS,N/A,CHC,0,
 BIOL 14A 8,9781319392833,ACHIEVE FOR BIOLOGY: HOW LIFE WORKS (6 MTHS ACCESS),MORRIS,N/A,CHC,0,
 BIOL 16A 2,9781319284367,ACHIEVE FOR BIOLOGY: HOW LIFE WORKS (TWENTY-FOUR MONTHS ACCESS),MORRIS,N/A,CHC,0,
 BIOL 16A 2,9781319376826,ACHIEVE FOR BIOLOGY: HOW LIFE WORKS (12 MTHS ACCESS),MORRIS,N/A,CHC,0,
 BIOL 16A 1,9781319392833,ACHIEVE FOR BIOLOGY: HOW LIFE WORKS (6 MTHS ACCESS),MORRIS,N/A,CHC,0,
 BIOL 51A 1,9781478627791,INTRO TO BIOSTATISTICS,GLOVER,N/A,REC,1,
 BIOL 51A 2,9781478627791,INTRO TO BIOSTATISTICS,GLOVER,N/A,REC,1,
 BUS/FIN 241A 1,9781492032618,HANDS-ON MACHINE LEARNING WITH SCIKIT-LEARN, KERAS, AND TENSORFLOW,GERON,N/A,REQ,1,
 BUS/FIN 241A 1,9781492032649,HANDS-ON MACHINE LEARNING WITH SCIKIT-LEARN, KERAS, & TENSORFLOW,GERON,N/A,REQ,1,
 BUS 10A 1,9780134728391,BUSINESS ESSENTIALS,EBERT,N/A,REQ,0,
 BUS 10A 1,9780134728742,BUSINESS ESSENTIALS,GRIFFIN,N/A,REQ,0,
 BUS 10A 2,9780134728391,BUSINESS ESSENTIALS,EBERT,N/A,REQ,0,
 BUS 10A 2,9780134728742,BUSINESS ESSENTIALS,GRIFFIN,N/A,REQ,0,
 BUS 10A 3,9781323867501,BUS 10A CUSTOM,BERHANE,N/A,REQ,0,
 BUS 114A 1,9781308487014,MANAGERIAL ACCOUNTING (CUSTOM),MCGRAW,N/A,REQ,0,
 BUS 117A 1,9781259918940,CORPORATE FINANCE (RRMCG),ROSS,N/A,CHC,1,
 BUS 117A 1,9781260139716,CORPORATE FINANCE (LOOSEPGS),ROSS,N/A,CHC,0,
 BUS 117A 1,9781260140811,CORPORATE FINANCE,ROSS,N/A,CHC,0,
 BUS 117A 1,9781260140811,CORPORATE FINANCE,ROSS,N/A,CHC,0,
 BUS 117A 1,9781260140811,CORPORATE FINANCE,ROSS,N/A,CHC,0,
 BUS 120A 1,9780134524719,ESSENTIALS OF ORGANIZATIONAL BEHAVIOR,JUDGE,N/A,REQ,0,
 BUS 120A 1,9780134524849,ESSEN OF ORGANIZATIONAL BEHAVIOR (LOOSE PGS)(W/OUT ACCESS),ROBBINS,N/A,REQ,0,
 BIOL 14A 7,9781319284367,ACHIEVE FOR BIOLOGY: HOW LIFE WORKS (TWENTY-FOUR MONTHS ACCESS),MORRIS,N/A,CHC,0,
 BUS 120A 2,9780134524849,ESSEN OF ORGANIZATIONAL BEHAVIOR (LOOSE PGS)(W/OUT ACCESS),ROBBINS,N/A,REQ,0,
 BUS 135A 1,9781307207743,REAL ESTATE & SOCIETY CUSTOM,STOLLER,N/A,REQ,0,
 BUS 172A 1,9781260443257,OPERATIONS & SUPPLY CHAIN MANAGEMENT: CORE (CONNECT ACCESS ),CHASE,N/A,CHC,0,
 BUS 172A 1,9781260696172,OPERATIONS & SUPPLY CHAIN MANAGEMENT (LL)(W/CONNECT ACC),JACOBS,N/A,CHC,0,
 BUS 212A 1,9781118879337,DATA MINING FOR BUSINESS ANALYTICS,BRUCE,N/A,REQ,0,
 BUS 120A 2,9780134524719,ESSENTIALS OF ORGANIZATIONAL BEHAVIOR,JUDGE,N/A,REQ,0,
 BUS 255A 1,9780134129938,CONSUMER BEHAVIOR (W/OUT MYMARKETINGLAB ACCESS),SOLOMON,N/A,REQ,1,
 BUS 255A 1,9780134130262,CONSUMER BEHAVIOR,SOLOMON,N/A,REQ,0,
 BUS 212A 1,9781118879368,DATA MINING FOR BUSINESS ANALYTICS,SHMUELI,N/A,REQ,0,
 BUS 276A 1,9780072311358,BUSINESS DYNAMICS (W/OUT CD),STERMAN,N/A,REQ,1,
 BUS 6A 1,9781307225143,FINANCIAL ACCOUNTING W/CONNECT,ANDERSON,N/A,REQ,0,
 BUS 6A 2,9781307225143,FINANCIAL ACCOUNTING W/CONNECT,ANDERSON,N/A,REQ,0,
 BUS 6A 3,9781307225143,FINANCIAL ACCOUNTING W/CONNECT,ANDERSON,N/A,REQ,0,
 BUS 71A 2,9781260394696,ESSEN OF CORPORATE FINANCE (CONNECT ACCESS),ROSS,N/A,REQ,0,
 BUS 89A 1,9781607746621,WHAT COLOR IS YOUR PARACHUTE? 2016,BOLLES,N/A,REQ,0,
 CHEM 11A 1,9780134066325,CHEMISTRY,TRO,N/A,CHC,0,
 CHEM 11A 1,9780134112831,CHEMISTRY: MOLECULAR APPROACH (W/OUT ACCESSCODE),TRO,N/A,CHC,1,
 CHEM 11A 1,9780134113593,CHEMISTRY: MOLECULAR APPROACH (LOOSE PGS)(W/OUT ACCESS),TRO,N/A,CHC,0,
 BIOL 14A 5,9781319376826,ACHIEVE FOR BIOLOGY: HOW LIFE WORKS (12 MTHS ACCESS),MORRIS,N/A,CHC,0,
 CHEM 11A 2,9780134112831,CHEMISTRY: MOLECULAR APPROACH (W/OUT ACCESSCODE),TRO,N/A,CHC,1,
 CHEM 11A 2,9780134113593,CHEMISTRY: MOLECULAR APPROACH (LOOSE PGS)(W/OUT ACCESS),TRO,N/A,CHC,0,
 CHEM 11A 3,9780134066325,CHEMISTRY,TRO,N/A,CHC,0,
 CHEM 11A 3,9780134112831,CHEMISTRY: MOLECULAR APPROACH (W/OUT ACCESSCODE),TRO,N/A,CHC,1,
 CHEM 11A 3,9780134113593,CHEMISTRY: MOLECULAR APPROACH (LOOSE PGS)(W/OUT ACCESS),TRO,N/A,CHC,0,
 CHEM 11A 5,9780134066325,CHEMISTRY,TRO,N/A,CHC,0,
 CHEM 11A 5,9780134112831,CHEMISTRY: MOLECULAR APPROACH (W/OUT ACCESSCODE),TRO,N/A,CHC,1,
 CHEM 11A 5,9780134113593,CHEMISTRY: MOLECULAR APPROACH (LOOSE PGS)(W/OUT ACCESS),TRO,N/A,CHC,0,
 CHEM 141A 1,9780815344308,MOLECULAR DRIVING FORCES,DILL,N/A,REQ,2,
 CHEM 141A 1,9781136672996,MOLECULAR DRIVING FORCES,DILL,N/A,REQ,1,
 BIOL 16A 2,9781319392833,ACHIEVE FOR BIOLOGY: HOW LIFE WORKS (6 MTHS ACCESS),MORRIS,N/A,CHC,0,
 CHEM 141A 1,9781136672996,MOLECULAR DRIVING FORCES,DILL,N/A,REQ,1,
 CHEM 141A 1,9781136672996,MOLECULAR DRIVING FORCES,DILL,N/A,REQ,1,
 CHEM 141A 1,9781136672996,MOLECULAR DRIVING FORCES,DILL,N/A,REQ,1,
 CHEM 15A 1,9780840049315,PRIN OF MODERN CHEMISTRY  (W/OUT ACCESS),OXTOBY,N/A,REQ,1,
 CHEM 18A 1,9781930882003,STUDENT LAB NOTEBOOK (CHEMISTRY TOP BOUND 100-SET),HAYDEN,N/A,REQ,0,
 CHEM 18A 2,9781930882003,STUDENT LAB NOTEBOOK (CHEMISTRY TOP BOUND 100-SET),HAYDEN,N/A,REQ,0,
 CHEM 18A 4,9781930882003,STUDENT LAB NOTEBOOK (CHEMISTRY TOP BOUND 100-SET),HAYDEN,N/A,REQ,0,
 CHEM 18A 5,9781930882003,STUDENT LAB NOTEBOOK (CHEMISTRY TOP BOUND 100-SET),HAYDEN,N/A,REQ,0,
 CHEM 11A 2,9780134066325,CHEMISTRY,TRO,N/A,CHC,0,
 CHEM 19A 2,9781930882003,STUDENT LAB NOTEBOOK (CHEMISTRY TOP BOUND 100-SET),HAYDEN,N/A,REQ,0,
 CHEM 19A 4,9781930882003,STUDENT LAB NOTEBOOK (CHEMISTRY TOP BOUND 100-SET),HAYDEN,N/A,REQ,0,
 CHEM 25A 1,9780964883710,MOLECULAR VISIONS MODEL KIT (LOOSE PIECES),DARLING MODELS,N/A,REQ,0,
 CHEM 141A 1,9781136672996,MOLECULAR DRIVING FORCES,DILL,N/A,REQ,1,
 CHEM 25A 1,9781936221868,ORGANIC CHEMISTRY (SG-SOL MNL),LOUDON,N/A,REC,1,
 CHEM 25A 2,9780964883710,MOLECULAR VISIONS MODEL KIT (LOOSE PIECES),DARLING MODELS,N/A,REQ,0,
 CHEM 25A 2,9781936221349,ORGANIC CHEMISTRY,LOUDON,N/A,REQ,1,
 CHEM 25A 2,9781936221868,ORGANIC CHEMISTRY (SG-SOL MNL),LOUDON,N/A,REC,1,
 BUS 262A 1,9781422163085,REMIX STRATEGY,GOMES-CASSERES,N/A,REQ,1,
 CHEM 19A 1,9781930882003,STUDENT LAB NOTEBOOK (CHEMISTRY TOP BOUND 100-SET),HAYDEN,N/A,REQ,0,
 CHEM 25A 1,9781936221349,ORGANIC CHEMISTRY,LOUDON,N/A,REQ,1,
 CHEM 29A 1,9781464134227,LABORATORY TECHNIQUES IN ORGANIC CHEMISTRY,MOHRIG,N/A,REQ,1,
 CHEM 29A 2,9781464134227,LABORATORY TECHNIQUES IN ORGANIC CHEMISTRY,MOHRIG,N/A,REQ,1,
 CHEM 29A 2,9781930882744,LAB NOTEBOOK 100 CARBON DUPLICATE SETS SPIRAL BOUND,HAYDEN,N/A,REQ,0,
 CHEM 29A 2,9781319029555,LABORATORY TECHNIQUES IN ORGANIC CHEMISTRY,ALBERG,N/A,REQ,0,
 CHEM 29A 3,9781464134227,LABORATORY TECHNIQUES IN ORGANIC CHEMISTRY,MOHRIG,N/A,REQ,1,
 CHEM 29A 3,9781930882744,LAB NOTEBOOK 100 CARBON DUPLICATE SETS SPIRAL BOUND,HAYDEN,N/A,REQ,0,
 CHEM 29A 4,9781319029555,LABORATORY TECHNIQUES IN ORGANIC CHEMISTRY,ALBERG,N/A,REQ,0,
 CHEM 29A 4,9781464134227,LABORATORY TECHNIQUES IN ORGANIC CHEMISTRY,MOHRIG,N/A,REQ,1,
 CHEM 29A 4,9781930882744,LAB NOTEBOOK 100 CARBON DUPLICATE SETS SPIRAL BOUND,HAYDEN,N/A,REQ,0,
 CHEM 29A 5,9781319029555,LABORATORY TECHNIQUES IN ORGANIC CHEMISTRY,ALBERG,N/A,REQ,0,
 CHEM 29A 5,9781464134227,LABORATORY TECHNIQUES IN ORGANIC CHEMISTRY,MOHRIG,N/A,REQ,1,
 CHEM 29A 5,9781930882744,LAB NOTEBOOK 100 CARBON DUPLICATE SETS SPIRAL BOUND,HAYDEN,N/A,REQ,0,
 CHIN 10A 1,9780887276385,INTEGRATED CHINESE: SIMP CHAR (LVL 1:PT 1)(TEXTBOOK),LIU,N/A,REQ,1,
 CHIN 10A 1,9780887276408,INTEGRATED CHINESE: SIMP CHAR (LVL 1:PT 1)(WKBK),LIU,N/A,REQ,1,
 CHIN 10A 2,9780887276385,INTEGRATED CHINESE: SIMP CHAR (LVL 1:PT 1)(TEXTBOOK),LIU,N/A,REQ,1,
 CHIN 10A 2,9780887276408,INTEGRATED CHINESE: SIMP CHAR (LVL 1:PT 1)(WKBK),LIU,N/A,REQ,1,
 CHIN 10A 3,9780887276385,INTEGRATED CHINESE: SIMP CHAR (LVL 1:PT 1)(TEXTBOOK),LIU,N/A,REQ,1,
 CHIN 10A 3,9780887276408,INTEGRATED CHINESE: SIMP CHAR (LVL 1:PT 1)(WKBK),LIU,N/A,REQ,1,
 CHIN 120A 1,9787040216547,COMPREHENSIVE CHINESE: ON THE PRESENT ETC ADV RDG 1 (W/CD),FENG,N/A,REQ,1,
 CHSC 3B 1,9781319059620,ENVIRONMENTAL SCIENCE FOR A CHANGING WORLD,KARR,N/A,REQ,0,
 CHSC 3B 1,9781319134006,SCIENTIFIC AMERICAN ENVIRONMENTAL SCIENCE FOR A CHANGING WORLD,INTERLANDI,N/A,REQ,0,
 CLAS 133A 1,9780500052099,GREEK ART & ARCHAEOLOGY,NEER,N/A,REQ,1,
 CLAS 133A 1,9780500841303,GREEK ART AND ARCHAEOLOGY (SECOND EDITION),NEER,N/A,REQ,0,
 CLAS 190B 1,9780631200475,THE CULTS OF THE ROMAN EMPIRE,TURCAN,N/A,REQ,1,
 CLAS 190B 1,9780802849137,RELIGIONS OF HELLENISTIC-ROMAN AGE,TRIPOLITIS,N/A,REQ,0,
 COML 150B 1,9780192837769,ELECTIVE AFFINITIES,GOETHE,N/A,REQ,0,
 CHEM 29A 3,9781319029555,LABORATORY TECHNIQUES IN ORGANIC CHEMISTRY,ALBERG,N/A,REQ,0,
 COML 150B 1,9780307275219,POSSIBILITY OF AN ISLAND,HOUELLEBECQ,N/A,REQ,0,
 COML 150B 1,9780375724749,NAOMI,TANIZAKI,N/A,REQ,0,
 COML 150B 1,9780395848388,GATE OF ANGELS,FITZGERALD,N/A,REQ,0,
 CHEM 29A 1,9781930882744,LAB NOTEBOOK 100 CARBON DUPLICATE SETS SPIRAL BOUND,HAYDEN,N/A,REQ,0,
 COML 150B 1,9781933517407,BLUETS,NELSON,N/A,REQ,1,
 COML 150B 1,9781933517643,BLUETS,NELSON,N/A,REQ,0,
 COMP 1A 1,9780140390186,LOOKING BACKWARD,BELLAMY,N/A,REQ,0,
 COMP 1A 1,9780451530868,ARROWSMITH,LEWIS,N/A,REQ,0,
 COMP 1B 1,9780140390186,LOOKING BACKWARD,BELLAMY,N/A,REQ,0,
 COMP 1B 1,9780451530868,ARROWSMITH,LEWIS,N/A,REQ,0,
 COMP 1B 2,9780140390186,LOOKING BACKWARD,BELLAMY,N/A,REQ,0,
 COMP 1B 2,9780451530868,ARROWSMITH,LEWIS,N/A,REQ,0,
 COMP 1B 3,9780140390186,LOOKING BACKWARD,BELLAMY,N/A,REQ,0,
 COMP 1B 3,9780451530868,ARROWSMITH,LEWIS,N/A,REQ,0,
 COSI 102A 1,9780307887894,LEAN STARTUP,RIES,N/A,REQ,1,
 COSI 10A 1,9780135201046,BUILDING PYTHON PROGRAMS,OBOURN,N/A,REQ,0,
 COSI 10A 1,9780135205983,BUILDING PYTHON PROGRAMS,REGES,N/A,REQ,0,
 COSI 119A 2,9781449323899,PROGRAMMING ROBOTS WITH ROS,QUIGLEY,N/A,REQ,1,
 COSI 123A 1,9780387310732,PATTERN RECOGNITION & MACHINE LEARNING,BISHOP,N/A,REQ,2,
 COSI 131A 1,9781119642824,OPERATING SYSTEM CONCEPTS,SILBERSCHATZ,N/A,REQ,0,
 COML 150B 1,9780199214198,REPETITION & PHILOSOPHICAL CRUMBS,KIERKEGAARD,N/A,REQ,0,
 COSI 134A 1,9780262042840,INTRO TO NATURAL LANGUAGE PROCESSING,EISENSTEIN,N/A,REQ,0,
 COSI 29A 1,9781259731709,DISCRETE MATHEMATICS AND ITS APPLICATIONS,ROSEN,N/A,CHC,0,
 COSI 29A 1,9781259676512,DISCRETE MATHEMATICS (RRMCG),ROSEN,N/A,CHC,0,
 COML 150B 1,9780451530783,PRIDE & PREJUDICE,AUSTEN,N/A,REQ,0,
 COSI 29A 1,9781259731709,DISCRETE MATHEMATICS AND ITS APPLICATIONS,ROSEN,N/A,CHC,0,
 COSI 29A 1,9781260864595,DISCRETE MATHEMATHICS & ITS APPLICATION (LOOSE PGS),ROSEN,N/A,CHC,0,
 ECON 135A 1,9781118250303,INDUSTRIAL ORGANIZATION,PEPALL,N/A,REQ,1,
 ECON 135A 1,9781118476031,INDUSTRIAL ORGANIZATION,NORMAN,N/A,REQ,1,
 ECON 135A 1,9781118476031,INDUSTRIAL ORGANIZATION,NORMAN,N/A,REQ,1,
 ECON 135A 1,9781118476031,INDUSTRIAL ORGANIZATION,NORMAN,N/A,REQ,1,
 ECON 160A 1,9781319061739,INTERNATIONAL TRADE,FEENSTRA,N/A,REQ,1,
 ECON 160A 1,9781319068905,INTERNATIONAL TRADE,TAYLOR,N/A,REQ,0,
 ECON 171A 1,9781259277177,INVESTMENTS,BODIE,N/A,CHC,1,
 ECON 171A 1,9781259357480,INVESTMENTS,BODIE,N/A,CHC,0,
 ECON 171A 1,9781259357480,INVESTMENTS,BODIE,N/A,CHC,0,
 ECON 171A 1,9781259357480,INVESTMENTS,BODIE,N/A,CHC,0,
 ECON 171A 1,9781259715204,INVESTMENTS (LOOSE PGS),BODIE,N/A,CHC,0,
 ECON 171A 2,9781259277177,INVESTMENTS,BODIE,N/A,CHC,1,
 ECON 171A 2,9781259357480,INVESTMENTS,BODIE,N/A,CHC,0,
 ECON 171A 2,9781259357480,INVESTMENTS,BODIE,N/A,CHC,0,
 ECON 171A 2,9781259357480,INVESTMENTS,BODIE,N/A,CHC,0,
 ECON 171A 2,9781259715204,INVESTMENTS (LOOSE PGS),BODIE,N/A,CHC,0,
 ECON 172B 1,9780134733821,ECONOMICS OF MONEY, BANKING & FINANCIAL MARKETS,MISHKIN,N/A,REQ,0,
 ECON 172B 1,9780134734408,ECONOMICS OF MONEY, BANKING AND FINANCIAL MARKETS, THE,MISHKIN,N/A,REQ,0,
 ECON 175A 1,9780393903799,ECONOMICS OF DEVELOPMENT (SEVENTH EDITION),BLOCK,N/A,REQ,0,
 ECON 175A 1,9780393934359,ECONOMICS OF DEVELOPMENT,PERKINS,N/A,REQ,1,
 ECON 175A 1,9781610390934,POOR ECONOMICS,BANERJEE,N/A,REQ,1,
 ECON 176A 1,9780691017068,DEVELOPMENT ECONOMICS,RAY,N/A,REQ,2,
 CHEM 29A 1,9781319029555,LABORATORY TECHNIQUES IN ORGANIC CHEMISTRY,ALBERG,N/A,REQ,0,
 ECON 181B 1,9780393904062,STRATEGY: AN INTRODUCTION TO GAME THEORY (THIRD EDITION),WATSON,N/A,REQ,0,
 ECON 181B 1,9780393918380,STRATEGY,WATSON,N/A,REQ,0,
 ECON 184B 1,9780134448046,INTRODUCTION TO ECONOMETRICS (SUBSCRIPTION),STOCK,N/A,REQ,0,
 ECON 184B 1,9780134461991,INTRO TO ECONOMETRICS,STOCK,N/A,REQ,1,
 ECON 184B 2,9780134448046,INTRODUCTION TO ECONOMETRICS (SUBSCRIPTION),STOCK,N/A,REQ,0,
 ECON 184B 2,9780134461991,INTRO TO ECONOMETRICS,STOCK,N/A,REQ,1,
 ECON 207A 1,9781259290619,MANAGERIAL ECONOMICS ETC (W/OUT ACCESS CODE),BAYE,N/A,REQ,1,
 ECON 207A 1,9781259354311,MANAGERIAL ECONOMICS & BUSINESS STRATEGY,BAYE,N/A,REQ,0,
 ECON 207A 1,9781259354311,MANAGERIAL ECONOMICS & BUSINESS STRATEGY,BAYE,N/A,REQ,0,
 ECON 207A 1,9781259354311,MANAGERIAL ECONOMICS & BUSINESS STRATEGY,BAYE,N/A,REQ,0,
 COSI 119A 1,9781449323899,PROGRAMMING ROBOTS WITH ROS,QUIGLEY,N/A,REQ,1,
 ECON 207A 2,9781259354311,MANAGERIAL ECONOMICS & BUSINESS STRATEGY,BAYE,N/A,REQ,0,
 ECON 207A 2,9781259354311,MANAGERIAL ECONOMICS & BUSINESS STRATEGY,BAYE,N/A,REQ,0,
 ECON 207A 2,9781259354311,MANAGERIAL ECONOMICS & BUSINESS STRATEGY,BAYE,N/A,REQ,0,
 ECON 20A 1,9780134061115,PRINCIPLES OF MACROECONOMICS,CASE,N/A,REQ,0,
 ECON 20A 1,9780134078809,PRIN OF MACROECONOMICS,CASE,N/A,REQ,0,
 ECON 213A 3,9780134448046,INTRODUCTION TO ECONOMETRICS (SUBSCRIPTION),STOCK,N/A,REQ,0,
 ECON 213A 3,9780134461991,INTRO TO ECONOMETRICS,STOCK,N/A,REQ,1,
 COSI 29A 1,9781259731709,DISCRETE MATHEMATICS AND ITS APPLICATIONS,ROSEN,N/A,CHC,0,
 ECON 213A 4,9780134461991,INTRO TO ECONOMETRICS,STOCK,N/A,REQ,1,
 ECON 270A 1,9780393903799,ECONOMICS OF DEVELOPMENT (SEVENTH EDITION),BLOCK,N/A,REQ,0,
 ECON 270A 1,9780393934359,ECONOMICS OF DEVELOPMENT,PERKINS,N/A,REQ,1,
 ECON 28B 1,9781260004731,INTERNATIONAL ECONOMICS (RRMCG),PUGEL,N/A,REQ,0,
 ECON 28B 1,9781260484052,INTERNATIONAL ECONOMICS,PUGEL,N/A,REQ,0,
 ECON 28B 1,9781260484052,INTERNATIONAL ECONOMICS,PUGEL,N/A,REQ,0,
 ECON 28B 1,9781260484052,INTERNATIONAL ECONOMICS,PUGEL,N/A,REQ,0,
 ECON 301A 1,9780195073409,MICROECONOMIC THEORY,MAS-COLELL,N/A,REQ,1,
 ECON 301A 1,9780197546185,MICROECONOMIC THEORY,MAS-COLELL,N/A,REQ,0,
 ECON 301A 1,9780691043081,GAME THEORY FOR APPLIED ECONOMICS,GIBBONS,N/A,REQ,1,
 ECON 303A 1,9780691152868,MACROECONOMIC THEORY,WICKENS,N/A,REQ,1,
 ECON 303A 1,9781400842476,MACROECONOMIC THEORY,WICKENS,N/A,REQ,0,
 ECON 207A 2,9781259290619,MANAGERIAL ECONOMICS ETC (W/OUT ACCESS CODE),BAYE,N/A,REQ,1,
 ECON 57A 1,9781610916073,MARKETS AND THE ENVIRONMENT,KEOHANE,N/A,REQ,1,
 ECON 80A 1,9781464187025,MICROECONOMICS,GOOLSBEE,N/A,REQ,1,
 ECON 213A 4,9780134448046,INTRODUCTION TO ECONOMETRICS (SUBSCRIPTION),STOCK,N/A,REQ,0,
 ECON 80A 3,9781464187025,MICROECONOMICS,GOOLSBEE,N/A,REQ,1,
 ECON 82B 1,9780133780581,MACROECONOMICS (W/OUT MYECONLAB WITH PH ETEXT ACCESS),BLANCHARD,N/A,REQ,1,
 ECON 82B 1,9780133839395,MACROECONOMICS (SUBSCRIPTION),BLANCHARD,N/A,REQ,0,
 ECON 82B 2,9780133780581,MACROECONOMICS (W/OUT MYECONLAB WITH PH ETEXT ACCESS),BLANCHARD,N/A,REQ,1,
 ECON 82B 2,9780133839395,MACROECONOMICS (SUBSCRIPTION),BLANCHARD,N/A,REQ,0,
 ECON 80A 2,9781464187025,MICROECONOMICS,GOOLSBEE,N/A,REQ,1,
 ECON 83A 2,9780123948113,INTRO TO PROB & STAT FOR ENG & SCI,ROSS,N/A,CHC,1,
 ECON 83A 2,9780123948427,INTRODUCTION TO PROBABILITY AND STATISTICS FOR ENGINEERS AND SCIENTISTS,ROSS,N/A,CHC,1,
 ECON 83A 2,9780471615187,INTRODUCTORY STATISTICS,WONNACOTT,N/A,CHC,1,
 ECON 83A 2,9781446200469,DISCOVERING STATISTICS USING R,FIELD,N/A,REQ,0,
 ECON 83A 2,9781446289150,DISCOVERING STATISTICS USING R,FIELD,N/A,REQ,0,
 ECON 30A 1,9780262534796,CHINESE ECONOMY,NAUGHTON,N/A,REQ,0,
 ED 175A 1,9780134043500,DEVELOPING ACADEMIC LANGUAGE WITH THE SIOP MODEL,ECHEVARRIA,N/A,REQ,0,
 ED 175A 1,9781524948771,NOT FOR ESOL TEACHERS,ARIZA,N/A,REQ,1,
 ED 262A 1,9780470894521,MATHEMATICAL MINDSETS,BOALER,N/A,REQ,1,
 ED 262A 1,9781118415535,MATHEMATICAL MINDSETS,BOALER,N/A,REQ,1,
 ECON 176A 1,9781400835898,DEVELOPMENT ECONOMICS,RAY,N/A,REQ,1,
 ENG 109A 1,9780393075908,WHAT THE LIVING DO: POEMS,HOWE,N/A,REQ,0,
 ENG 109A 1,9780393248517,CONFLICT RESOLUTION FOR HOLY BEINGS: POEMS,HARJO,N/A,REQ,0,
 ENG 109A 1,9780393318869,WHAT THE LIVING DO: POEMS,HOWE,N/A,REQ,0,
 ENG 109A 1,9780393353631,CONFLICT RESOLUTION FOR HOLY BEINGS,HARJO,N/A,REQ,0,
 ENG 109A 1,9780571348046,FLECHE,CHAN,N/A,REQ,0,
 ENG 109A 1,9780810134331,INCENDIARY ART,SMITH,N/A,REQ,1,
 ENG 109A 1,9780892554959,LOVES YOU,GAMBITO,N/A,REQ,1,
 ENG 109A 1,9781571315120,CARRYING,LIMON,N/A,REQ,0,
 ENG 119A 1,9780316014991,WRITING TOOLS: 55 ESSENTIAL STRATEGIES FOR EVERY WRITER,CLARK,N/A,REC,0,
 ENG 119A 1,9780316028400,WRITING TOOLS,CLARK,N/A,REC,0,
 ENG 119A 1,9780743455961,ON WRITING (RACK SIZE),KING,N/A,REQ,0,
 ENG 139A 1,9781571313546,LITERARY PUBLISHING IN THE TWENTY-FIRST CENTURY,KUROWSKI,N/A,REQ,1,
 ENG 139A 1,9781571319227,LITERARY PUBLISHING IN THE TWENTY-FIRST CENTURY,KUROWSKI,N/A,REQ,1,
 ENG 149A 1,9781592408115,INSIDE THE ROOM,VENIS,N/A,REQ,1,
 ENG 167B 1,9780061450181,EIGHT MEN (SHORT STORIES),WRIGHT,N/A,REQ,0,
 ENG 167B 1,9780307740915,HOME,MORRISON,N/A,REQ,0,
 ENG 167B 1,9780679744719,ANOTHER COUNTRY,BALDWIN,N/A,REQ,0,
 ENG 167B 1,9780679744726,FIRE NEXT TIME,BALDWIN,N/A,REQ,1,
 ENG 167B 1,9780679745426,PLAYING IN THE DARK,MORRISON,N/A,REQ,0,
 ENG 167B 1,9781400033416,BELOVED (WITH NEW FOREWORD),MORRISON,N/A,REQ,0,
 ENG 167B 1,9781560254461,12 MILLION BLACK VOICES,WRIGHT,N/A,REQ,0,
 ENG 170B 1,9780230205246,THEATRE & HUMAN RIGHTS,RAE,N/A,REQ,2,
 ENG 170B 1,9780230364585,THEATRE AND HUMAN RIGHTS,RAE,N/A,REQ,2,
 ENG 170B 1,9780230364585,THEATRE AND HUMAN RIGHTS,RAE,N/A,REQ,2,
 ENG 170B 1,9781559361354,VENUS,PARKS,N/A,REQ,2,
 ENG 170B 1,9781559361361,MARISOL & OTHER PLAYS,RIVERA,N/A,REQ,2,
 ENG 170B 1,9781559362399,HOMEBODY/KABUL (REV),KUSHNER,N/A,REQ,2,
 ENG 170B 1,9781559367387,VENUS,PARKS,N/A,REQ,2,
 ENG 170B 1,9781840027839,BAGHDAD WEDDING,ABDULRAZZAK,N/A,REQ,2,
 ENG 170B 1,9781849437783,BAGHDAD WEDDING,ABDULRAZZAK,N/A,REQ,1,
 ENG 180B 1,9780374532314,LOVER'S DISCOURSE FRAGMENTS,BARTHES,N/A,REQ,0,
 ENG 188B 1,9780520299931,HISTORY OF THE WORLD IN SEVEN CHEAP THINGS,PATEL,N/A,REQ,0,
 ENG 188B 1,9780809071944,MYTHOLOGIES,BARTHES,N/A,REQ,0,
 ENG 188B 1,9781501143311,BULLSHIT JOBS,GRAEBER,N/A,REQ,0,
 ENG 188B 1,9781570270598,CALIBAN & THE WITCH,FEDERICI,N/A,REQ,1,
 ENG 188B 1,9781570272677,UNDERCOMMONS,MOTEN,N/A,REQ,1,
 ENG 188B 1,9781608469628,KEYWORDS - THE NEW LANGUAGE OF CAPITALISM,LEARY,N/A,REQ,0,
 ENG 188B 1,9781635900026,CARCERAL CAPITALISM,WANG,N/A,REQ,0,
 ENG 188B 1,9781635900125,GORE CAPITALISM,VALENCIA,N/A,REQ,0,
 ENG 188B 1,9781780997346,CAPITALIST REALISM,FISHER,N/A,REC,0,
 ENG 188B 1,9781781683101,24/7,CRARY,N/A,REQ,0,
 ENG 188B 1,9781846943171,CAPITALIST REALISM,FISHER,N/A,REC,0,
 ENG 19A 1,9780525562023,ON EARTH WE'RE BRIEFLY GORGEOUS,VUONG,N/A,REQ,1,
 ENG 19A 1,9780547844190,WE THE ANIMALS,TORRES,N/A,REQ,0,
 ENG 19A 1,9780820357232,THIS IS ONE WAY TO DANCE,SHAH,N/A,REQ,0,
 ENG 19A 1,9781472154552,CARRYING,LIMON,N/A,REQ,0,
 ENG 19A 1,9781912915347,TINY MOONS,POWLES,N/A,REQ,0,
 ENG 19A 1,9781912915354,TINY MOONS,POWLES,N/A,REQ,0,
 ENG 19A 1,9781941628157,GHOSTOGRAPHS,ROMASCO MOORE,N/A,REQ,0,
 ENG 19A 1,9781948579032,ODES TO LITHIUM,ERLICHMAN,N/A,REQ,0,
 ENG 1A 1,9780140424393,PARADISE LOST,MILTON,N/A,REQ,0,
 ENG 1A 1,9780141439822,ROBINSON CRUSOE,DEFOE,N/A,REQ,0,
 ENG 1A 1,9780143128557,KING LEAR,SHAKESPEARE,N/A,REQ,0,
 ENG 1A 1,9780191605253,NARRATIVE OF THE LIFE OF FREDERICK DOUGLASS, AN AMERICAN SLAVE,DOUGLASS,N/A,REQ,1,
 ENG 1A 1,9780199539079,NARRATIVE OF THE LIFE OF FREDERICK DOUGLASS, AN AMERICAN SLAVE,DOUGLASS,N/A,REQ,1,
 ENG 1A 1,9780394747231,MAUS I,SPIEGELMAN,N/A,REQ,1,
 ENG 1A 1,9780812979657,GOD OF SMALL THINGS,ROY,N/A,REQ,0,
 ENG 20A 1,9780415583886,BOLLYWOOD,GANTI,N/A,REQ,2,
 ENG 247A 1,9780140424300,COMPLETE WRITINGS,WHEATLEY,N/A,REQ,1,
 ENG 247A 1,9780140436495,AMERICAN NOTES FOR GENERAL CIRCULATION,DICKENS,N/A,REQ,0,
 ENG 247A 1,9780141185019,WOLF WILLOW,STEGNER,N/A,REQ,0,
 ENG 247A 1,9780142437049,SELECTED WRITINGS,MARTI,N/A,REQ,1,
 ENG 247A 1,9780191504327,THE NARRATIVE OF ARTHUR GORDON PYM OF NANTUCKET AND RELATED TALES,POE,N/A,REQ,0,
 ENG 247A 1,9780199538195,LAST OF THE MOHICANS,COOPER,N/A,REQ,0,
 ENG 247A 1,9780199540471,NARRATIVE OF ARTHUR GORDON PYM OF NANTUCKET & RELATED TALES,POE,N/A,REQ,0,
 ENG 247A 1,9780451531445,COUNTRY OF THE POINTED FIRS & OTHER STORIES (MASS MARKET),JEWETT,N/A,REQ,0,
 ENG 247A 1,9780674088726,BLAKE OR, THE HUTS OF AMERICA: A CORRECTED EDITION,DELANY,N/A,REQ,0,
 ENG 247A 1,9780803270589,MAIN-TRAVELLED ROADS,GARLAND,N/A,REQ,0,
 ENG 247A 1,9780806114293,JOAQUIN MURIETA (BIRD),RIDGE,N/A,REQ,0,
 ENG 28A 1,9780142003893,ALL OVER CREATION,OZEKI,N/A,REQ,0,
 ENG 28A 1,9780393356687,OVERSTORY,POWERS,N/A,REQ,1,
 ENG 28A 1,9781538732182,PARABLE OF THE SOWER,BUTLER,N/A,REQ,0,
 ENG 28A 1,9781555977887,HER BODY & OTHER PARTIES,MACHADO,N/A,REQ,0,
 ENG 28A 1,9781555979805,HER BODY AND OTHER PARTIES,MACHADO,N/A,REQ,0,
 ENG 28A 1,9781571313256,ECOLOGY OF A CRACKER CHILDHOOD,RAY,N/A,REQ,0,
 ENG 28A 1,9781608466290,ALL OUR RELATIONS: NATIVE STRUGGLES FOR LAND AND LIFE,LADUKE,N/A,REQ,1,
 ENG 28A 1,9781608466610,ALL OUR RELATIONS,LADUKE,N/A,REQ,1,
 ENG 64A 1,9780312108137,OROONOKO,BEHN,N/A,REQ,1,
 ENG 64A 1,9780312207571,EMMA,AUSTEN,N/A,REQ,1,
 ENG 64A 1,9781472520524,EDWARD II REVISED,MARLOWE,N/A,REQ,1,
 ENG 79A 1,9780385339032,SCREENPLAY,FIELD,N/A,REQ,1,
 ENVS 19B 1,9780321597793,EARTH SYSTEM,KUMP,N/A,REQ,1,
 FA 199A 1,9780191552021,THE ART OF ART HISTORY,PREZIOSI,N/A,REQ,2,
 FA 199A 1,9780199229840,ART OF ART HISTORY: CRITICAL ANTHOLOGY (NEW ED),PREZIOSI,N/A,REQ,1,
 FIN 201A 1,9781260013832,INVESTMENTS (RRMCG),BODIE,N/A,REQ,0,
 FIN 201A 1,9781260819427,INVESTMENTS,BODIE,N/A,REQ,0,
 FIN 201A 1,9781260819427,INVESTMENTS,BODIE,N/A,REQ,0,
 FIN 201A 1,9781260819427,INVESTMENTS,BODIE,N/A,REQ,0,
 FIN 201A 2,9781260013832,INVESTMENTS (RRMCG),BODIE,N/A,REQ,0,
 FIN 201A 2,9781260819427,INVESTMENTS,BODIE,N/A,REQ,0,
 FIN 201A 2,9781260819427,INVESTMENTS,BODIE,N/A,REQ,0,
 FIN 201A 2,9781260819427,INVESTMENTS,BODIE,N/A,REQ,0,
 FIN 201A 3,9781260013832,INVESTMENTS (RRMCG),BODIE,N/A,REQ,0,
 FIN 201A 3,9781260819427,INVESTMENTS,BODIE,N/A,REQ,0,
 FIN 201A 3,9781260819427,INVESTMENTS,BODIE,N/A,REQ,0,
 FIN 201A 3,9781260819427,INVESTMENTS,BODIE,N/A,REQ,0,
 FIN 202A 1,9781260139716,CORPORATE FINANCE (LOOSEPGS),ROSS,N/A,REQ,0,
 FIN 202A 1,9781260140811,CORPORATE FINANCE,ROSS,N/A,REQ,0,
 FIN 202A 1,9781260140811,CORPORATE FINANCE,ROSS,N/A,REQ,0,
 FIN 202A 1,9781260140811,CORPORATE FINANCE,ROSS,N/A,REQ,0,
 FIN 212A 1,9781307225129,FINANCIAL ACCOUNTING,ANDERSON,N/A,REQ,0,
 FIN 212A 2,9781307225129,FINANCIAL ACCOUNTING,ANDERSON,N/A,REQ,0,
 FIN 213A 1,9781119503583,INTERMEDIATE ACCOUNTING (LOOSE PGS)(W/WILEY PLUS),KIESO,N/A,CHC,0,
 FIN 213A 1,9781119503590,INTERMEDIATE ACCOUNTING 2 TERM ACCESS CODE,KIESO,N/A,CHC,0,
 FIN 213A 2,9781119503583,INTERMEDIATE ACCOUNTING (LOOSE PGS)(W/WILEY PLUS),KIESO,N/A,CHC,0,
 FIN 213A 2,9781119503590,INTERMEDIATE ACCOUNTING 2 TERM ACCESS CODE,KIESO,N/A,CHC,0,
 FIN 217F 1,9780262027281,FINANCIAL MODELING (W/BIND-IN ACCESS CODE),BENNINGA,N/A,REQ,1,
 FIN 217F 2,9780262027281,FINANCIAL MODELING (W/BIND-IN ACCESS CODE),BENNINGA,N/A,REQ,1,
 FIN 217F 3,9780262027281,FINANCIAL MODELING (W/BIND-IN ACCESS CODE),BENNINGA,N/A,REQ,1,
 FIN 218F 1,9780262027281,FINANCIAL MODELING (W/BIND-IN ACCESS CODE),BENNINGA,N/A,REQ,1,
 FIN 232A 1,9780471395065,APPLIED MERGERS & ACQUISITIONS,BRUNER,N/A,REQ,1,
 FIN 240A 1,9780470454701,VENTURE CAPITAL & FINANCE OF INNOVATION,METRICK,N/A,REC,0,
 FIN 240A 1,9781118137888,VENTURE CAPITAL AND THE FINANCE OF INNOVATION,YASUDA,N/A,REC,0,
 FIN 240A 1,9781118137888,VENTURE CAPITAL AND THE FINANCE OF INNOVATION,YASUDA,N/A,REC,0,
 FIN 240A 1,9781118137888,VENTURE CAPITAL AND THE FINANCE OF INNOVATION,YASUDA,N/A,REC,0,
 FIN 263A 1,9780321527707,GLOBAL INVESTMENTS,SOLNIK,N/A,REQ,1,
 FIN 263A 1,9781259277177,INVESTMENTS,BODIE,N/A,CHC,1,
 FIN 263A 1,9781259357480,INVESTMENTS,BODIE,N/A,CHC,0,
 FIN 263A 1,9781259357480,INVESTMENTS,BODIE,N/A,CHC,0,
 FIN 263A 1,9781259357480,INVESTMENTS,BODIE,N/A,CHC,0,
 ED 175A 1,9780137085248,DEVELOPING ACADEMIC LANGUAGE WITH THE SIOP MODEL,SHORT,N/A,REQ,1,
 ED 267A 1,9781892989598,POWER OF OUR WORDS,DENTON,N/A,REQ,1,
 ECON 83A 1,9780471615187,INTRODUCTORY STATISTICS,WONNACOTT,N/A,REQ,1,
 FIN 270A 1,9781547416097,RISK TAKERS: USES & ABUSES OF FINANCIAL DERIVATIVES, THIRD EDITION,MARTHINSEN,N/A,REC,1,
 FIN 271A 1,9780134472089,OPTIONS, FUTURES, & OTHER DERIVATIVES (W/BIND-IN ACC),HULL,N/A,REQ,1,
 FIN 271A 1,9780134631509,OPTIONS, FUTURES, AND OTHER DERIVATIVES,HULL,N/A,REQ,0,
 FIN 280A 1,9781119448099,RISK MANAGEMENT AND FINANCIAL INSTITUTIONS,HULL,N/A,REQ,0,
 FIN 280A 1,9781119448112,RISK MANAGEMENT & FINANCIAL INSTITUTIONS,HULL,N/A,REQ,1,
 FIN 285A 2,9780128102350,ELEMENTS OF FINANCIAL RISK MANAGEMENT,CHRISTOFFERSEN,N/A,REC,1,
 FIN 285A 2,9780470669433,FINANCIAL RISK FORECASTING,DANIELSSON,N/A,REC,2,
 FIN 285A 2,9781107149892,COMPUTER AGE STATISTICAL INFERENCE,EFRON,N/A,BR,1,
 FIN 285A 2,9781118170625,MATHEMATICS AND STATISTICS FOR FINANCIAL RISK MANAGEMENT,MILLER,N/A,REC,1,
 FIN 270A 1,9780134631509,OPTIONS, FUTURES, AND OTHER DERIVATIVES,HULL,N/A,REQ,0,
 FIN 285A 2,9781119448112,RISK MANAGEMENT & FINANCIAL INSTITUTIONS,HULL,N/A,REC,1,
 FIN 285A 2,9781119977100,FINANCIAL RISK FORECASTING,DANIELSSON,N/A,REC,2,
 FIN 285A 2,9781492024330,PYTHON FOR FINANCE,HILPISCH,N/A,REQ,1,
 FREN 104B 1,9780205646999,CONTRASTES: GRAMMAIRE DU FRANCAIS COURANT (W/OUT MYFRENCHLAB),ROCHAT,N/A,REQ,1,
 FREN 104B 1,9782012101333,ASTERIX LE GAULOIS (HACHETTE),GOSCINNY,N/A,REQ,1,
 FREN 105A 1,9780205646999,CONTRASTES: GRAMMAIRE DU FRANCAIS COURANT (W/OUT MYFRENCHLAB),ROCHAT,N/A,REQ,1,
 FREN 106B 1,9780070442429,A VOUS D'ECRIRE,LORIOT-RAYMER,N/A,REQ,1,
 FREN 106B 1,9780070442436,A VOUS D'ECRIRE (CAHIER D'EXER),LORIOT-RAYMER,N/A,REQ,1,
 FREN 10A 1,9788484439189,ENTRE NOUS 1,DIFUSION,N/A,REQ,,
 FREN 110A 1,9782070425389,LA PETITE BIJOU (GALLIMARD FOLIO),MODIANO,N/A,REQ,0,
 FREN 110A 1,9782072764578,TROPIQUE DE LA VIOLENCE ( FOLIO),APPANAH,N/A,REQ,0,
 FREN 110A 1,9782370730145,L'ARABE DU FUTUR (ALLARY) (V1),SATTOUF,N/A,REQ,0,
 FREN 110A 1,9782742783366,INCENDIES,MOUAWAD,N/A,REQ,0,
 FREN 110A 1,9782846820691,LE BEBE,DARRIEUSSECG,N/A,REQ,0,
 FREN 142B 1,9782070423576,NANA (FOLIO #3707),ZOLA,N/A,REQ,,
 FREN 142B 1,9782266196000,PANTAGRUEL,RABELAIS,N/A,REQ,0,
 FREN 153A 1,9782070355259,VICTOIRE, LES SAVEURS ET LES MOTS,CONDE,N/A,REQ,0,
 FREN 153A 1,9782072763632,LA CHEFFE,NDIAYE,N/A,REQ,0,
 FREN 153A 1,9782072853852,UN CHEMIN DE TABLES,DE KERANGAL,N/A,REQ,0,
 FREN 186B 1,9782020300322,GARGANTUA (SEUIL: POINTS #287),RABELAIS,N/A,REQ,,
 FREN 186B 1,9782035831989,LE CID (LAROUSSE),CORNEILLE,N/A,REQ,0,
 FREN 186B 1,9782070368068,LES MAINS SALES (FOLIO #806),SARTRE,N/A,REQ,0,
 FREN 186B 1,9782080708441,LETTRES PERSANES (GARN-FLAM #844),MONTESQUIEU,N/A,REQ,0,
 FREN 186B 1,9782081354807,SOUMISSION,HOUELLEBECQ,N/A,REQ,0,
 FREN 20B 1,9788484439271,ENTRE NOUS 2 - LIVRE DE L'ELEVE + CD + CAHIER D'ACTIVITES,CHAHI,N/A,REQ,1,
 FREN 32A 1,9781305105799,CONTROVERSES (STUDENT WORKBOOK),OUKADA,N/A,REQ,0,
 FREN 32A 2,9781305105799,CONTROVERSES (STUDENT WORKBOOK),OUKADA,N/A,REQ,0,
 GER 30A 1,9781133607304,ANDERS GEDACHT,MOTYL-MUDRETZKYJ,N/A,REQ,1,
 GER 30A 1,9781133942696,ANDERS GEDACHT (UBUNGSBUCH),MOTYL-MUDRETZKYJ,N/A,REQ,0,
 GER 30A 1,9781285608501,ANDERS GEDACHT: TEXT AND CONTEXT IN THE GERMAN-SPEAKING WORLD,SPAINGHAUS,N/A,REQ,0,
 GER 30A 1,9781285950303,STUDENT ACTIVITIES MANUAL,MOTYL-MUDRETZKYJ,N/A,REQ,0,
 GRK 10A 1,9780190607661,ATHENAZE BOOK 1 (REV),BALME,N/A,REQ,,
 GRK 10A 1,9781585103072,GREEK PARADIGM HANDBOOK,GEANNIKIS,N/A,REQ,1,
 GRK 10A 1,9780190651886,ATHENAZE, BOOK I: AN INTRODUCTION TO ANCIENT GREEK,BALME,N/A,REQ,0,
 GRK 10A 1,9781585104741,GREEK PARADIGM HANDBOOK,WILFORD,N/A,REQ,0,
 GRK 120B 1,9780674362505,GREEK GRAMMAR,SMYTH,N/A,REQ,0,
 GRK 120B 1,9781314376371,SELECTIONS FROM THE ATTIC ORATORS,JEBB,N/A,REQ,0,
 GRK 120B 1,9781585103072,GREEK PARADIGM HANDBOOK,GEANNIKIS,N/A,REQ,1,
 GRK 120B 1,9781585104741,GREEK PARADIGM HANDBOOK,WILFORD,N/A,REQ,0,
 GRK 120B 1,9781843560265,LIDDELL & SCOTT'S GREEK-ENGLISH LEXICON (ABRIDGED),LIDDELL,N/A,REQ,0,
 GRK 30A 1,9780865163485,APOLOGY,PLATO,N/A,REQ,0,
 HBRW 10A 1,9781611689181,BRANDEIS MODERN HEBREW,RINGVALD,N/A,REQ,0,
 HBRW 144A 1,9781878818195,POEMS OF JERUSALEM & LOVE POEMS (BILINGUAL ED),AMICHAI,N/A,REQ,1,
 HBRW 146A 1,9781878818195,POEMS OF JERUSALEM & LOVE POEMS (BILINGUAL ED),AMICHAI,N/A,REQ,1,
 HBRW 19A 1,9781611689181,BRANDEIS MODERN HEBREW,RINGVALD,N/A,REQ,0,
 HBRW 20B 1,9781611689181,BRANDEIS MODERN HEBREW,RINGVALD,N/A,REQ,0,
 HBRW 20B 2,9781611689181,BRANDEIS MODERN HEBREW,RINGVALD,N/A,REQ,0,
 HBRW 34A 1,9781611684476,BRANDEIS MODERN HEBREW: INTERMEDIATE TO ADVANCE (PILOT ED),RINGVALD,N/A,REQ,1,
 HBRW 35A 1,9781611684476,BRANDEIS MODERN HEBREW: INTERMEDIATE TO ADVANCE (PILOT ED),RINGVALD,N/A,REQ,1,
 HBRW 34A 2,9781611684476,BRANDEIS MODERN HEBREW: INTERMEDIATE TO ADVANCE (PILOT ED),RINGVALD,N/A,REQ,1,
 HBRW 44B 1,9781611684476,BRANDEIS MODERN HEBREW: INTERMEDIATE TO ADVANCE (PILOT ED),RINGVALD,N/A,REQ,1,
 HISP 158A 1,9780345381439,DREAMING IN CUBAN,GARCIA,N/A,REQ,1,
 HISP 158A 1,9780932379191,GETTING HOME ALIVE,MORALES,N/A,REQ,1,
 HISP 158A 1,9781565129764,IN THE TIME OF THE BUTTERFLIES,ALVAREZ,N/A,REQ,1,
 HISP 158A 1,9781882688517,MUCHA MUCHACHA, TOO MUCH GIRL,HERNANDEZ-LINARES,N/A,REQ,0,
 HIST 103A 1,9780199730575,ROMANS: FROM VILLAGE TO EMPIRE,BOATWRIGHT,N/A,REQ,0,
 HIST 103A 1,9780199931538,THE ROMANS: FROM VILLAGE TO EMPIRE: A HISTORY OF ROME FROM EARLIEST TIMES TO THE END OF THE WESTERN EMPIRE,TALBERT,N/A,REQ,0,
 HIST 103A 1,9780521711494,ANCIENT ROME,MACKAY,N/A,REQ,1,
 HIST 112B 1,9780198730972,CRUSADES,MAYER,N/A,REQ,1,
 HIST 112B 1,9781472513519,CRUSADES,RILEY-SMITH,N/A,REQ,0,
 HIST 147A 1,9780140445220,SKETCHES FROM A HUNTER'S ALBUM,TURGENEV,N/A,REQ,1,
 HIST 147A 1,9780191605451,FATHERS AND SONS,TURGENEV,N/A,REQ,0,
 HIST 147A 1,9780195043594,FROM SUPPLICATION TO REVOLUTION,FREEZE,N/A,REQ,1,
 HIST 147A 1,9780199536047,FATHERS & SONS,TURGENEV,N/A,REQ,0,
 HIST 147A 1,9780199560417,RUSSIA: HISTORY,FREEZE,N/A,REQ,1,
 HIST 147A 1,9780393924657,SELECTED PLAYS,CHEKHOV,N/A,REQ,,
 HIST 52B 1,9780312457532,HEART OF DARKNESS,CONRAD,N/A,REQ,1,
 HIST 52B 1,9780393667363,HISTORY OF MODERN EUROPE,MERRIMAN,N/A,CHC,0,
 HIST 52B 1,9780393674491,A HISTORY OF MODERN EUROPE (FOURTH EDITION)  (VOL. ONE-VOLUME),MERRIMAN,N/A,CHC,0,
 HIST 52B 1,9780393934335,HISTORY OF MODERN EUROPE (COMPLETE),MERRIMAN,N/A,CHC,1,
 HIST 52B 1,9780449213940,ALL QUIET ON THE WESTERN FRONT (RACK SIZE),REMARQUE,N/A,REQ,0,
 HIST 52B 1,9781457603242,HEART OF DARKNESS,CONRAD,N/A,REQ,0,
 HIST 52B 1,9781608460489,THE COMMUNIST MANIFESTO,MARX,N/A,REQ,1,
 HIST 52B 1,9781931859257,COMMUNIST MANIFESTO,MARX,N/A,REQ,1,
 HS 104B 1,9781284151589,ESSEN OF HEALTH POLICY & LAW (W/GLUED-IN ACCESS),TEITELBAUM,N/A,REQ,1,
 HS 104B 1,9781284151596,ESSENTIALS OF HEALTH POLICY AND LAW,TEITELBAUM,N/A,REQ,2,
 HS 104B 1,9781616144562,POWER POLITICS & UNIVERSAL HEALTH CARE,ALTMAN,N/A,REQ,2,
 HS 513A 1,9781616144562,POWER POLITICS & UNIVERSAL HEALTH CARE,ALTMAN,N/A,REQ,2,
 HSSP 102A 1,9781284045390,GLOBAL HEALTH 101,SKOLNIK,N/A,REQ,1,
 HSSP 102A 1,9781284050547,GLOBAL HEALTH 101 (W/NAV2 ADVANTAGE ACCESS),SKOLNIK,N/A,REQ,1,
 HSSP 114B 1,9780199348428,EPIDEMIOLOGY & THE PEOPLE'S HEALTH,KRIEGER,N/A,REQ,0,
 HSSP 114B 1,9780199383702,PHILADELPHIA NEGRO (THE OXFORD W. E. B. DU BOIS),DU BOIS,N/A,REQ,1,
 HSSP 114B 1,9780199383726,THE PHILADELPHIA NEGRO (THE OXFORD W. E. B. DU BOIS),DU BOIS,N/A,REQ,1,
 HSSP 114B 1,9781376152517,HEALTH & PHYSIQUE OF THE NEGRO AMERICAN,DU BOIS,N/A,REQ,0,
 HSSP 114B 1,9781421437897,POLITICAL DETERMINANTS OF HEALTH,DAWES,N/A,REQ,0,
 HSSP 114B 1,9781595588340,FATAL INVENTION,ROBERTS,N/A,REQ,2,
 HSSP 114B 1,9781632860804,HEALTH GAP,MARMOT,N/A,REQ,0,
 HUM/UWS 1A 1,9780060969592,BOOK OF JOB,MITCHELL,N/A,REQ,1,
 HUM/UWS 1A 1,9780061847462,THE BOOK OF JOB,MITCHELL,N/A,REQ,0,
 HUM/UWS 1A 1,9780226768687,OEDIPUS THE KING,SOPHOCLES,N/A,REQ,0,
 HUM/UWS 1A 1,9780226768694,OEDIPUS THE KING,SOPHOCLES,N/A,REQ,0,
 HUM/UWS 1A 1,9780374526160,PHEDRE (NEW TRANS HUGHES),RACINE,N/A,REQ,1,
 HUM/UWS 1A 1,9780374527051,ORESTEIA,AESCHYLUS,N/A,REQ,1,
 HUM/UWS 1A 1,9780393264890,SCARLET LETTER & OTHER WRITINGS,HAWTHORNE,N/A,REQ,,
 HUM/UWS 1A 1,9780393325836,BACCHAE OF EURIPIDES,SOYINKA,N/A,REQ,0,
 HUM/UWS 1A 1,9780393977615,DEATH & THE KING'S HORSEMAN,SOYINKA,N/A,REQ,1,
 HUM/UWS 1A 1,9780413771001,SEAGULL,CHEKOV,N/A,REQ,1,
 HUM/UWS 1A 1,9780451527158,MEASURE FOR MEASURE,SHAKESPEARE,N/A,REQ,1,
 HUM/UWS 1A 1,9780521639873,BIRTH OF TRAGEDY AND OTHER WRITINGS,NIETZSCHE,N/A,REQ,1,
 HUM/UWS 1A 1,9780609810347,BHAGAVAD GITA,MITCHELL,N/A,REQ,1,
 HUM/UWS 1A 1,9780743261692,GILGAMESH: NEW ENGLISH VERSION,MITCHELL,N/A,REQ,1,
 HUM/UWS 1A 1,9780811222921,ANTIGONICK,CARSON,N/A,REQ,1,
 HUM/UWS 1A 1,9780811222938,ANTIGONICK,CARSON,N/A,REQ,0,
 HUM/UWS 1A 1,9780915144181,PHAEDO,PLATO,N/A,REQ,0,
 HUM/UWS 1A 1,9781603847902,PHAEDO,PLATO,N/A,REQ,0,
 HUM/UWS 4A 1,9780226470498,ILIAD OF HOMER (TRANS. LATTIMORE),HOMER,N/A,REQ,0,
 HUM/UWS 4A 1,9780300151411,AENEID,VIRGIL,N/A,REQ,1,
 HUM/UWS 4A 1,9780385496988,INFERNO,DANTE,N/A,REQ,0,
 HUM/UWS 4A 1,9780393924282,PARADISE LOST,MILTON,N/A,REQ,1,
 HUM/UWS 4A 1,9780743261692,GILGAMESH: NEW ENGLISH VERSION,MITCHELL,N/A,REQ,1,
 HUM 10A 1,9780226470498,ILIAD OF HOMER (TRANS. LATTIMORE),HOMER,N/A,REQ,0,
 HUM 10A 1,9780300151411,AENEID,VIRGIL,N/A,REQ,1,
 HUM 10A 1,9780385496988,INFERNO,DANTE,N/A,REQ,0,
 HUM 10A 1,9780393924282,PARADISE LOST,MILTON,N/A,REQ,1,
 HUM 10A 1,9780743261692,GILGAMESH: NEW ENGLISH VERSION,MITCHELL,N/A,REQ,1,
 FIN 285A 2,9781119448099,RISK MANAGEMENT AND FINANCIAL INSTITUTIONS,HULL,N/A,REC,0,
 IGS 10A 1,9780195330939,IN DEFENSE OF GLOBALIZATION,BHAGWATI,N/A,REQ,1,
 IGS 10A 1,9780198779551,GLOBALIZATION: A VERY SHORT INTRODUCTION,STEGER,N/A,REQ,1,
 IGS 10A 1,9780199838967,IN DEFENSE OF GLOBALIZATION,BHAGWATI,N/A,REQ,0,
 IGS 10A 1,9780393355161,GLOBALIZATION & ITS DISCONTENTS,STIGLITZ,N/A,REQ,,
 IGS 10A 1,9780393355222,GLOBALIZATION AND ITS DISCONTENTS REVISITED: ANTI-GLOBALIZATION IN THE ERA OF TRUMP,STIGLITZ,N/A,REQ,0,
 IGS 10A 1,9781119409946,GLOBALIZATION READER,LECHNER,N/A,REQ,0,
 IGS 10A 1,9781119409953,THE GLOBALIZATION READER,AUTHOR INFO NOT AVAILABLE,N/A,REQ,0,
 IGS 8A 1,9781305971493,PRIN OF MICROECONOMICS,MANKIW,N/A,REQ,1,
 IGS 8A 1,9781337516891,PRINCIPLES OF MICROECONOMICS,MANKIW,N/A,REQ,0,
 ITAL 10A 1,9781133604228,CIAO (W/OUT ACCESS CODE),RIGA,N/A,CHC,1,
 ITAL 10A 1,9781285077338,CIAO! (LOOSE PAGES),RIGA,N/A,CHC,0,
 ITAL 10A 1,9781285415413,CIAO!,PHILLIPS,N/A,CHC,0,
 ITAL 10A 2,9781133604228,CIAO (W/OUT ACCESS CODE),RIGA,N/A,CHC,1,
 FIN 263A 1,9781259715204,INVESTMENTS (LOOSE PGS),BODIE,N/A,CHC,0,
 ITAL 10A 2,9781285415413,CIAO!,PHILLIPS,N/A,CHC,0,
 ITAL 128A 1,9788806207694,IO NON HO PAURA,AMMANITI,N/A,REQ,0,
 ITAL 30A 1,9780884360490,ANDREUCCIO DA PERUGIA,BOCCACCIO,N/A,REQ,0,
 JAPN 105A 1,9784874244470,TOBIRA,OKA,N/A,REQ,1,
 ITAL 30A 2,9780884360490,ANDREUCCIO DA PERUGIA,BOCCACCIO,N/A,REQ,0,
 JAPN 105A 1,9784874244876,TOBIRA: POWER UP YOUR KANJI (WKBK),OKA,N/A,REQ,1,
 JAPN 10A 1,9784789014403,GENKI 1 (W/CD),BANNO,N/A,REQ,2,
 JAPN 10A 1,9784789014410,GENKI: (LVL 1)(WKBK)(W/CD),BANNO,N/A,REQ,2,
 JAPN 10A 2,9784789014403,GENKI 1 (W/CD),BANNO,N/A,REQ,2,
 JAPN 10A 2,9784789014410,GENKI: (LVL 1)(WKBK)(W/CD),BANNO,N/A,REQ,2,
 JAPN 10A 3,9784789014403,GENKI 1 (W/CD),BANNO,N/A,REQ,2,
 JAPN 10A 3,9784789014410,GENKI: (LVL 1)(WKBK)(W/CD),BANNO,N/A,REQ,2,
 JAPN 10A 4,9784789014403,GENKI 1 (W/CD),BANNO,N/A,REQ,2,
 JAPN 10A 4,9784789014410,GENKI: (LVL 1)(WKBK)(W/CD),BANNO,N/A,REQ,2,
 JAPN 125B 1,9780140455625,SANSHIRO,SOSEKI,N/A,REQ,0,
 JAPN 125B 1,9780802134639,NIP THE BUDS, SHOOT THE KIDS,OE,N/A,REQ,1,
 JAPN 125B 1,9780804810487,VITA SEXUALIS,MORI,N/A,REQ,2,
 JAPN 125B 1,9780811201186,CONFESSIONS OF MASK,MISHIMA,N/A,REQ,0,
 JAPN 125B 1,9781400079278,KAFKA ON THE SHORE,MURAKAMI,N/A,REQ,0,
 JAPN 125B 1,9781462902217,VITA SEXUALIS,MORI,N/A,REQ,1,
 IGS 10A 1,9780191085000,GLOBALIZATION: A VERY SHORT INTRODUCTION,STEGER,N/A,REQ,0,
 JAPN 125B 1,9781542046183,GO,KANESHIRO,N/A,REQ,,
 JAPN 145A 1,9780231157315,TRADITIONAL JAPANESE LITERATURE: ABRIDGED ED,SHIRANE,N/A,REQ,1,
 JAPN 145A 1,9780824821524,JAPANESE CULTURE,VARLEY,N/A,REQ,2,
 JAPN 30A 1,9784789014434,GENKI 2 (W/CD),BANNO,N/A,REQ,2,
 JAPN 145A 1,9780231504539,TRADITIONAL JAPANESE LITERATURE,SHIRANE,N/A,REQ,1,
 JAPN 30A 1,9784789014441,GENKI 2 (WKBK)(W/CD),BANNO,N/A,REQ,2,
 JAPN 30A 2,9784789014441,GENKI 2 (WKBK)(W/CD),BANNO,N/A,REQ,2,
 JOUR 104A 1,9780195089424,PACKAGING THE PRESIDENCY,JAMIESON,N/A,REQ,1,
 JOUR 104A 1,9780199879861,PACKAGING THE PRESIDENCY,JAMIESON,N/A,REQ,0,
 JOUR 104A 1,9780393353648,REPUBLIC OF SPIN,GREENBERG,N/A,REQ,0,
 JOUR 113A 1,9780385348430,OUT ON THE WIRE,ABEL,N/A,REQ,0,
 JOUR 113A 1,9780684850672,FOLLOW THE STORY,STEWART,N/A,REQ,0,
 KOR 10A 1,9780824834401,INTEGRATED KOREAN: BEGINNING 1,CHO,N/A,REQ,,
 KOR 10A 1,9780824834500,INTEGRATED KOREAN WKBK: BEGINNING 1,PARK,N/A,REQ,1,
 KOR 10A 2,9780824834401,INTEGRATED KOREAN: BEGINNING 1,CHO,N/A,REQ,,
 KOR 10A 2,9780824834500,INTEGRATED KOREAN WKBK: BEGINNING 1,PARK,N/A,REQ,1,
 KOR 30A 1,9780824836504,INTEGRATED KOREAN,LEE,N/A,REQ,,
 KOR 30A 1,9780824836511,INTEGRATED KOREAN WKBK: INTERMEDIATE 1,PARK,N/A,REQ,1,
 LAT 10A 1,9780300194951,LEARN TO READ LATIN,KELLER,N/A,REQ,1,
 LAT 10A 1,9780300194968,LEARN TO READ LATIN (WKBK) (PTS1&2),KELLER,N/A,REQ,0,
 LAT 118A 1,9780806115603,TIBULUS (COMMENTARY),PUTNAM,N/A,REQ,0,
 LAT 118A 1,9780865166080,SELECTED ODES & SATIRE 1.9,HORACE,N/A,REQ,0,
 LAT 118A 1,9781853994975,POEMS,CATULLUS,N/A,REQ,0,
 LAT 30A 1,9780199120475,CUPID & PSYCHE (BY APULEIUS),BALME,N/A,REQ,0,
 LAT 30A 1,9780253200365,GOLDEN ASS,APULEIUS,N/A,REQ,0,
 LAT 30A 1,9780486131047,ALLEN AND GREENOUGH'S NEW LATIN GRAMMAR,ALLEN,N/A,REQ,0,
 LAT 30A 1,9780486448060,ALLEN & GREENOUGH'S NEW LATIN GRAMMAR,ALLEN,N/A,REQ,0,
 LAT 30A 1,9780553590128,NEW COLLEGE LATIN & ENGLISH DICTIONARY,TRAUPMAN,N/A,REQ,0,
 LGLS 10A 1,9780060923242,SWEET HEREAFTER,BANKS,N/A,REQ,0,
 LGLS 10A 1,9780062123152,THE SWEET HEREAFTER,BANKS,N/A,REQ,0,
 LGLS 10A 1,9780700612710,SLAVE LAW IN THE AMERICAN SOUTH,TUSHNET,N/A,REQ,1,
 LGLS 10A 1,9780700617470,SLEEPY LAGOON MURDER CASE,WEITZ,N/A,REQ,,
 LGLS 10A 1,9780700622252,DISCREDITING THE RED SCARE,GOLDSTEIN,N/A,REQ,1,
 LGLS 138B 1,9780393316728,SCIENCE ON TRIAL (WITH NEW AFTERWORD),ANGELL,N/A,REQ,0,
 LGLS 138B 1,9780679772675,CIVIL ACTION,HARR,N/A,REQ,1,
 LGLS 138B 1,9780691129501,TRYING LEVIATHAN,BURNETT,N/A,REQ,2,
 LGLS 138B 1,9781400833986,TRYING LEVIATHAN,BURNETT,N/A,REQ,2,
 LGLS 140B 1,9780674028104,HOLDING BISHOPS ACCOUNTABLE,LYTTON,N/A,REQ,2,
 LGLS 189A 1,9781337404198,ESSEN OF BUSINESS LAW,BEATTY,N/A,REQ,1,
 LGLS 189A 1,9781337670807,ESSENTIALS OF BUSINESS LAW,BEATTY,N/A,REQ,0,
 LING 100A 1,9780814252703,LANGUAGE FILES: MATERIALS FOR INTRO TO LANG & LINGUISTICS,OHIO STATE,N/A,REQ,,
 LING 100A 1,9780814275788,LANGUAGE FILES,LINGUISTICS,N/A,REQ,0,
 LING 160B 1,9780073383095,DISCRETE MATHEMATICS & ITS APPL (W/OUT CONNECTPLUS),ROSEN,N/A,REC,1,
 LING 160B 1,9780077418939,DISCRETE MATHEMATICS AND ITS APPLICATIONS,ROSEN,N/A,REC,0,
 LING 160B 1,9780077418939,DISCRETE MATHEMATICS AND ITS APPLICATIONS,ROSEN,N/A,REC,0,
 MATH 100A 1,9780387220253,UNDERGRADUATE ALGEBRA,LANG,N/A,REQ,1,
 MATH 108B 1,9780471625469,INTRO TO THEORY OF NUMBERS,NIVEN,N/A,REQ,1,
 MATH 10A 1,9781506698069,CALCULUS (V1),OPENSTAX,N/A,REQ,0,
 MATH 10A 2,9781506698069,CALCULUS (V1),OPENSTAX,N/A,REQ,0,
 MATH 10A 3,9781506698069,CALCULUS (V1),OPENSTAX,N/A,REQ,0,
 MATH 10A 4,9781506698069,CALCULUS (V1),OPENSTAX,N/A,REQ,0,
 MATH 10A 5,9781506698069,CALCULUS (V1),OPENSTAX,N/A,REQ,0,
 MATH 10A 6,9781506698069,CALCULUS (V1),OPENSTAX,N/A,REQ,0,
 MATH 10A 7,9781506698069,CALCULUS (V1),OPENSTAX,N/A,REQ,0,
 MATH 10A 8,9781506698069,CALCULUS (V1),OPENSTAX,N/A,REQ,0,
 MATH 10B 1,9781506698076,CALCULUS (V2),OPENSTAX,N/A,REQ,0,
 MATH 10B 2,9781506698076,CALCULUS (V2),OPENSTAX,N/A,REQ,0,
 MATH 10B 3,9781506698076,CALCULUS (V2),OPENSTAX,N/A,REQ,0,
 MATH 10B 4,9781506698076,CALCULUS (V2),OPENSTAX,N/A,REQ,0,
 MATH 10B 5,9781506698076,CALCULUS (V2),OPENSTAX,N/A,REQ,0,
 MATH 124A 1,9780521833783,CONVEX OPTIMIZATION,BOYD,N/A,REQ,0,
 MATH 124A 1,9781107385924,CONVEX OPTIMIZATION,VANDENBERGHE,N/A,REQ,0,
 MATH 141A 1,9780691113869,PRINCETON LECTURES IN ANALYSIS III: REAL ANALYSIS,STEIN,N/A,REQ,2,
 MATH 141A 1,9781400835560,REAL ANALYSIS,SHAKARCHI,N/A,REQ,1,
 MATH 151A 1,9780521795401,ALGEBRAIC TOPOLOGY,HATCHER,N/A,REQ,1,
 MATH 164A 1,9780470054567,PARTIAL DIFFERENTIAL EQUATIONS,STRAUSS,N/A,REQ,0,
 MATH 164A 1,9780821813775,PARTIAL DIFFERENTIAL EQUATIONS,GARABEDIAN,N/A,REQ,1,
 FIN 270A 1,9780134472089,OPTIONS, FUTURES, & OTHER DERIVATIVES (W/BIND-IN ACC),HULL,N/A,REQ,1,
 JAPN 30A 2,9784789014434,GENKI 2 (W/CD),BANNO,N/A,REQ,2,
 ITAL 10A 2,9781285077338,CIAO! (LOOSE PAGES),RIGA,N/A,CHC,0,
 MATH 164A 1,9781118313169,PARTIAL DIFFERENTIAL EQUATIONS,STRAUSS,N/A,REQ,0,
 MATH 164A 1,9781118313169,PARTIAL DIFFERENTIAL EQUATIONS,STRAUSS,N/A,REQ,0,
 MATH 164A 1,9781118313169,PARTIAL DIFFERENTIAL EQUATIONS,STRAUSS,N/A,REQ,0,
 MATH 20A 1,9781506698052,CALCULUS (V3),OPENSTAX,N/A,REQ,0,
 MATH 223A 1,9780387975276,REPRESENTATION THEORY,FULTON,N/A,REQ,0,
 MATH 23B 1,9781441970220,ART OF PROOF,BECK,N/A,REC,1,
 MATH 37A 1,9781133109037,DIFFERENTIAL EQUATIONS (W/DE TOOLS ACCESS CODE),BLANCHARD,N/A,REQ,1,
 MATH 5A 1,9780534419417,MODELING, FUNCTIONS & GRAPHS,YOSHIWARA,N/A,REQ,1,
 MATH 37A 1,9781133388081,DIFFERENTIAL EQUATIONS,BLANCHARD,N/A,REQ,0,
 MUS 45A 1,9780393347555,BEETHOVEN: THE MUSIC AND THE LIFE,LOCKWOOD,N/A,REQ,0,
 MUS 5A 1,9780199751914,FROM SOUND TO SYMBOL (W/2 CDS),HOULAHAN,N/A,REQ,0,
 MUS 5A 1,9780881884982,STANDARD MANUSCRIPT PAPER ( YELLOW COVER),LEONARD,N/A,REQ,0,
 NBIO 140B 1,9780815346050,PRIN OF NEUROBIOLOGY,LUO,N/A,REQ,0,
 NBIO 140B 2,9780815346050,PRIN OF NEUROBIOLOGY,LUO,N/A,REQ,0,
 NEJS 10A 1,9780801048746,GRAMMATICAL CONCEPTS 101 FOR BIBLICAL HEBREW,LONG,N/A,REC,0,
 NEJS 10A 1,9781441246813,GRAMMATICAL CONCEPTS 101 FOR BIBLICAL HEBREW,LONG,N/A,REC,0,
 NEJS 10A 1,9781598560282,BASIC INTRO TO BIBLICAL HEBREW (W/CD),HACKETT,N/A,REQ,1,
 NEJS 10A 1,9781598561623,BIBLIA HEBRAICA STUTTGARTENSIA BHS HEBREW BIBLE,ELLIGER,N/A,REQ,0,
 NEJS 130B 1,9780140435269,EARLY CHRISTIAN LIVES,WHITE,N/A,REQ,0,
 NEJS 130B 1,9780141441931,LIVES OF ROMAN CHRISTIAN WOMEN,WHITE,N/A,REQ,1,
 NEJS 130B 1,9780521148405,DAILY LIFE IN LATE ANTIQUITY,SESSA,N/A,REQ,2,
 NEJS 130B 1,9780913836866,ON MARRIAGE & FAMILY LIFE,ST JOHN CHRYSOSTOM,N/A,REQ,0,
 NEJS 130B 1,9781506445939,MARRIAGE & SEXUALITY IN EARLY CHRISTIANITY,HUNTER,N/A,REQ,1,
 NEJS 130B 1,9781506446004,MARRIAGE AND SEXUALITY IN EARLY CHRISTIANITY,HUNTER,N/A,REQ,1,
 NEJS 162B 1,9780306815188,TEMPLE BOMBING,GREENE,N/A,REQ,0,
 NEJS 162B 1,9780805212334,WHEN GENERAL GRANT EXPELLED THE JEWS,SARNA,N/A,REQ,0,
 NEJS 162B 1,9780820331799,LEO FRANK CASE,DINNERSTEIN,N/A,REQ,0,
 NEJS 162B 1,9781586481636,HENRY FORD & THE JEWS,BALDWIN,N/A,REQ,0,
 NPSY 16A 1,9780080921228,HUMAN MOTOR CONTROL,ROSENBAUM,N/A,REQ,0,
 NPSY 16A 1,9780123742261,HUMAN MOTOR CONTROL,ROSENBAUM,N/A,REQ,1,
 NPSY 199A 1,9781429282956,FUND OF HUMAN NEUROPSYCHOLOGY,KOLB,N/A,REQ,1,
 PHIL 114B 1,9780199572816,ON WHAT MATTERS (V2),PARFIT,N/A,REQ,3,
 PHIL 136A 1,9780520256422,PERSONAL IDENTITY,PERRY,N/A,REQ,1,
 PHYS 102A 1,9781107197893,MODERN GENERAL RELATIVITY,GUIDRY,N/A,REQ,0,
 PHYS 104A 1,9780030839931,SOLID STATE PHYSICS,ASHCROFT,N/A,REQ,2,
 PHYS 108B 1,9781107154834,INTRO TO COSMOLOGY,RYDEN,N/A,REQ,1,
 PHYS 108B 1,9781316889077,INTRODUCTION TO COSMOLOGY,RYDEN,N/A,REQ,0,
 PHYS 15A 1,9780521198110,INTRODUCTION TO MECHANICS,KLEPPNER,N/A,REQ,1,
 PHYS 161A 1,9780521896979,MODERN ELECTRODYNAMICS,ZANGWILL,N/A,REC,0,
 PHYS 163A 1,9780521873420,STATISTICAL PHYSICS OF PARTICLES,KARDAR,N/A,REQ,1,
 PHYS 163A 1,9781139637558,STATISTICAL PHYSICS OF PARTICLES,KARDAR,N/A,REQ,1,
 PHYS 168B 1,9781107154834,INTRO TO COSMOLOGY,RYDEN,N/A,REQ,1,
 PHYS 168B 1,9781316889077,INTRODUCTION TO COSMOLOGY,RYDEN,N/A,REQ,0,
 PHYS 204A 1,9780030839931,SOLID STATE PHYSICS,ASHCROFT,N/A,REQ,2,
 PHYS 20A 1,9780470011898,VIBRATIONS & WAVES,KING,N/A,REQ,1,
 PHYS 30A 1,9781108420419,INTRO TO ELECTRODYNAMICS,GRIFFITHS,N/A,REQ,0,
 PHYS 31B 1,9781107189638,INTRO TO QUANTUM MECHANICS,GRIFFITHS,N/A,REQ,1,
 PHYS 31B 1,9781108100342,INTRODUCTION TO QUANTUM MECHANICS,GRIFFITHS,N/A,REQ,0,
 POL 119A 1,9781138301344,POLITICAL SCIENCE RESEARCH IN PRACTICE,MALICI,N/A,REQ,1,
 POL 119A 1,9781351401906,POLITICAL SCIENCE RESEARCH IN PRACTICE,MALICI,N/A,REQ,2,
 POL 156B 1,9780393608687,FRACTURED CONTINENT,DROZDIAK,N/A,REQ,,
 POL 156B 1,9780393608694,FRACTURED CONTINENT: EUROPE'S CRISES AND THE FATE OF THE WEST,DROZDIAK,N/A,REQ,0,
 POL 156B 1,9781138671607,EUROPEAN POLITICS,KUBICEK,N/A,REQ,0,
 POL 156B 1,9781317206378,EUROPEAN POLITICS,KUBICEK,N/A,REQ,0,
 POL 15A 1,9780134403168,UNDERSTANDING GLOBAL CONFLICT & COOPERATION,NYE,N/A,REQ,,
 POL 15A 1,9780134404998,UNDERSTANDING GLOBAL CONFLICT AND COOPERATION,NYE,N/A,REQ,0,
 POL 15A 1,9780134482019,INTERNATIONAL POLITICS,ART,N/A,REQ,1,
 POL 160A 1,9780300122572,KNOWING THE ENEMY,HABECK,N/A,REQ,0,
 POL 160A 1,9780300221497,MASTER PLAN,FISHMAN,N/A,REQ,1,
 POL 160A 1,9780393340136,9/11 COMMISSION REPORT,NATL COMM TERROR,N/A,REQ,0,
 POL 160A 1,9780393341089,THE 9/11 COMMISSION REPORT: THE ATTACK FROM PLANNING TO AFTERMATH (AUTHORIZED TEXT, SHORTER EDITION),ATTACKS,N/A,REQ,0,
 POL 53B 1,9780691175461,QUANTITATIVE SOCIAL SCIENCE: AN INTRODUCTION,IMAI,N/A,REQ,1,
 POL 53B 1,9781400885251,QUANTITATIVE SOCIAL SCIENCE,IMAI,N/A,REQ,0,
 POL 53B 1,9781483381473,APPLIED REGRESSION,LEWIS-BECK,N/A,REQ,0,
 POL 53B 1,9781483381480,APPLIED REGRESSION,LEWIS-BECK,N/A,REQ,0,
 POL 53B 1,9781506368870,A PRACTICAL GUIDE FOR POLICY ANALYSIS,BARDACH,N/A,REQ,0,
 POL 53B 1,9781506368887,PRACTICAL GUIDE FOR POLICY ANALYSIS (BK2019),BARDACH,N/A,REQ,0,
 PSYC 10A 1,9781464155468,PSYCHOLOGY (W/OUT PSYCHPORTAL ACCESS CARD),SCHACTER,N/A,CHC,1,
 PSYC 10A 1,9781464155499,PSYCHOLOGY (LOOSE PGS)(TEXT ONLY),SCHACTER,N/A,CHC,0,
 PSYC 126A 1,9781118147436,UNDERSTANDING EMOTIONS,OATLEY,N/A,REQ,1,
 PSYC 140A 1,9781590470237,SAS SYSTEM FOR LINEAR MODELS,LITTELL,N/A,REC,1,
 PSYC 140A 1,9781607648000,SAS STATISTICS BY EXAMPLE,CODY,N/A,REC,1,
 PSYC 140A 1,9781612903439,LITTLE SAS BOOK: PRIMER,DELWICHE,N/A,REC,1,
 PSYC 140A 1,9781629590226,SAS STATISTICS BY EXAMPLE,CODY,N/A,REC,0,
 PSYC 160B 1,9780073405537,SEX & GENDER,LIPS,N/A,REQ,1,
 PSYC 160B 1,9781136722837,SEX DIFFERENCES IN COGNITIVE ABILITIES,HALPERN,N/A,REQ,1,
 PSYC 160B 1,9781848729414,SEX DIFFERENCES IN COGNITIVE ABILITIES,HALPERN,N/A,REQ,2,
 PSYC 210A 1,9781111835484,STATISTICAL METHODS FOR PSYCHOLOGY,HOWELL,N/A,REC,0,
 PSYC 210A 1,9781133713272,STATISTICAL METHODS FOR PSYCHOLOGY,HOWELL,N/A,REC,0,
 PSYC 210A 1,9781506352800,APPLIED STATISTICS I,WARNER,N/A,REC,0,
 PSYC 33A 1,9781319014230,HOW CHILDREN DEVELOP,SIEGLER,N/A,REQ,1,
 PSYC 38A 1,9781464109379,HEALTH PSYCHOLOGY,STRAUB,N/A,REQ,1,
 PSYC 51A 1,9781305856424,STATISTICS FOR THE BEHAVIORAL SCIENCES,WALLNAU,N/A,REQ,0,
 PSYC 51A 1,9781305504912,STATISTICS FOR THE BEHAVIORAL SCIENCES,GRAVETTER,N/A,REQ,1,
 QBIO 110A 1,9781441963505,MOLECULAR MODELING & SIMULATION: AN INTERDISCIPLINARY GUIDE,SCHLICK,N/A,REC,1,
 QR 10A 1,9780393347777,NAKED STATISTICS,WHEELAN,N/A,REQ,0,
 QR 10A 1,9781614446217,COMMON SENSE MATHEMATICS,BOLKER,N/A,REQ,0,
 QR 10A 1,9781614446217,COMMON SENSE MATHEMATICS,BOLKER,N/A,REQ,0,
 QR 10A 1,9781614446217,COMMON SENSE MATHEMATICS,BOLKER,N/A,REQ,0,
 QR 10A 1,9781939512109,COMMON SENSE MATHEMATICS,BOLKER,N/A,REQ,0,
 RBIF 102 1DL,9780815344322,MOLECULAR BIOLOGY OF THE CELL,ALBERTS,N/A,REQ,1,
 RBIF 102 1DL,9781317563754,MOLECULAR BIOLOGY OF THE CELL,ALBERTS,N/A,REQ,0,
 RBIF 102 1DL,9781317563754,MOLECULAR BIOLOGY OF THE CELL,ALBERTS,N/A,REQ,0,
 RBIF 102 1DL,9781317563754,MOLECULAR BIOLOGY OF THE CELL,ALBERTS,N/A,REQ,0,
 RBIF 102 1DL,9781317563754,MOLECULAR BIOLOGY OF THE CELL,ALBERTS,N/A,REQ,0,
 RBIF 102 1DL,9781317563754,MOLECULAR BIOLOGY OF THE CELL,ALBERTS,N/A,REQ,0,
 RDFT 160 1DL,9780262529624,INTRO TO COMPUTATION & PROGRAMMING USING PYTHON,GUTTAG,N/A,REQ,1,
 RPJM 110 1DL,9780671244095,PATH BETWEEN THE SEAS,MCCULLOUGH,N/A,REC,0,
 RPJM 110 1DL,9780814436097,IDENTIFYING AND MANAGING PROJECT RISK,KENDRICK,N/A,REQ,1,
 RPJM 110 1DL,9780814436080,IDENTIFYING & MANAGING PROJECT RISK,KENDRICK,N/A,REQ,1,
 RPJM 110 1DL,9781628253450,PRACTICE STANDARD FOR PROJECT RISK MANAGEMENT,INSTITUTE,N/A,REQ,0,
 RPJM 110 1DL,9781933890388,PRACTICE STANDARD FOR PROJECT RISK MANAGEMENT,PMI,N/A,REQ,0,
 RPJM 110 1DL,9781935589624,PRACTICE STANDARD FOR PROJECT RISK MANAGEMENT,INSTITUTE,N/A,REQ,0,
 RPJM 115 1DL,9781935589679,GUIDE TO PROJECT MGMT BODY OF KNOWLEDGE,PMI,N/A,REQ,1,
 RSAN 130 1DL,9780544227750,BIG DATA,MAYER-SCHONBERGER,N/A,REQ,0,
 RSAN 130 1DL,9781118794388,VISUAL ORGANIZATION,SIMON,N/A,REQ,1,
 RSAN 130 1DL,9781118858417,THE VISUAL ORGANIZATION,SIMON,N/A,REQ,1,
 RSAN 130 1DL,9781118892701,ANALYTICS IN A BIG DATA WORLD: THE ESSENTIAL GUIDE TO DATA SCIENCE & ITS APPLICATIONS,BAESENS,N/A,REQ,2,
 RSAN 150 1DL,9780123970336,MEASURING DATA QUALITY FOR ONGOING IMPROVEMENT,SEBASTIAN-COLEMAN,N/A,REQ,1,
 RSAN 150 1DL,9780123977540,MEASURING DATA QUALITY FOR ONGOING IMPROVEMENT,SEBASTIAN-COLEMAN,N/A,REQ,1,
 RSAN 150 1DL,9781439879139,DATA GOVERNANCE,BHANSALI,N/A,REQ,1,
 MATH 8A 1,9781337119917,UNDERSTANDABLE STATISTICS,BRASE,N/A,REQ,1,
 RSAN 150 1DL,9781439879146,DATA GOVERNANCE,AUTHOR INFO NOT AVAILABLE,N/A,REQ,1,
 RSEG 120 1DL,9780133943238,SOFTWARE ENGINEERING,SOMMERVILLE,N/A,REQ,0,
 RSEG 120 1DL,9780321601919,CONTINUOUS DELIVERY,HUMBLE,N/A,REQ,0,
 RSEG 120 1DL,9780133943030,SOFTWARE ENGINEERING,SOMMERVILLE,N/A,REQ,0,
 RSEG 126 1DL,9780321670274,CONTINUOUS DELIVERY,FARLEY,N/A,REQ,0,
 RSEG 126 1DL,9780321601919,CONTINUOUS DELIVERY,HUMBLE,N/A,REQ,0,
 RSEG 126 1DL,9780738171340,IEEE 828-2012 STANDARD FOR CONFIGURATION MANAGEMENT IN SYSTEMS & SOFTWARE ENGINEERING,IEEE,N/A,REC,0,
 RSEG 128 1DL,9781118766576,ABOUT FACE: ESSEN OF INTERACTION DESIGN,COOPER,N/A,REQ,2,
 RSEG 120 1DL,9780321670274,CONTINUOUS DELIVERY,FARLEY,N/A,REQ,0,
 RUCD 160 1DL,9780961392116,ENVISIONING INFORMATION,TUFTE,N/A,REC,0,
 RUCD 160 1DL,9780961392123,VISUAL EXPLANATIONS,TUFTE,N/A,REC,1,
 RUCD 160 1DL,9780961392147,VISUAL DISPLAY OF QUANTITATIVE INFORMATION,TUFTE,N/A,REQ,1,
 RUCD 160 1DL,9780961392178,BEAUTIFUL EVIDENCE,TUFTE,N/A,REC,0,
 RUCD 160 1DL,9780970601971,SHOW ME THE NUMBERS,FEW,N/A,REQ,0,
 RUCD 160 1DL,9781119002253,STORYTELLING WITH DATA,KNAFLIC,N/A,REQ,1,
 RUCD 160 1DL,9781119002260,STORYTELLING WITH DATA,NUSSBAUMER KNAFLIC,N/A,REQ,1,
 RUCD 160 1DL,9781633690707,GOOD CHARTS: THE HBR GUIDE TO MAKING SMARTER (BK),BERINATO,N/A,REC,0,
 RUCD 160 1DL,9780393347289,WALL STREET JOURNAL GUIDE TO INFORMATION GRAPHICS,WONG,N/A,REQ,1,
 RUS 10A 1,9780757552014,LIVE FROM RUSSIA (W/WKBK,DVD, & CD) (V1),LEKIC,N/A,REQ,1,
 RUS 150B 1,9780893573744,ADVANCED RUSSIAN: FROM READING TO SPEAKING - 2VOLS + 2 DVDS,LUBENSKY,N/A,REQ,1,
 RUS 29B 1,9781626166417,RODNAYA RECH': AN INTRODUCTORY COURSE FOR HERITAGE LEARNERS OF RUSSIAN, STUDENT BUNDLE,DUBININA,N/A,REQ,0,
 RUS 30A 1,9780757558412,LIVE FROM RUSSIA (SET:TXT/WKBK/DVD/CD) (V2),LEKIC,N/A,REQ,0,
 SOC 119A 1,9780553351392,PEACE IS EVERY STEP,HANH,N/A,REQ,1,
 SOC 119A 1,9780553375404,ISHMAEL (TRADE ED),QUINN,N/A,REQ,2,
 SOC 119A 1,9780791437841,RAMBO & DALAI LAMA,FELLMAN,N/A,REQ,2,
 SOC 119A 1,9780807043455,WIMP FACTOR,DUCAT,N/A,REQ,1,
 RUCD 160 1DL,9781938377006,INFORMATION DASHBOARD DESIGN,FEW,N/A,REQ,0,
 SOC 119A 1,9781608467235,VIOLENT AMERICAN CENTURY,DOWER,N/A,REQ,2,
 SOC 153A 1,9780415908085,TEACHING TO TRANSGRESS,HOOKS,N/A,REQ,2,
 SOC 153A 1,9780791437841,RAMBO & DALAI LAMA,FELLMAN,N/A,REQ,2,
 SOC 153A 1,9781560257479,LETTERS FROM YOUNG ACTIVISTS,BERGER,N/A,REQ,1,
 SOC 153A 1,9781573229371,ANGER,HANH,N/A,REQ,2,
 SOC 153A 1,9781620970935,WHEN WE FIGHT, WE WIN,JOBIN-LEEDS,N/A,REQ,1,
 SOC 153A 1,9781620971406,WHEN WE FIGHT, WE WIN,JOBIN-LEEDS,N/A,REQ,1,
 THA 11A 1,9780140441499,POT OF GOLD & OTHER PLAYS,PLAUTUS,N/A,REQ,,
 THA 11A 1,9780226007724,ORESTEIA,AESCHYLUS,N/A,REQ,1,
 THA 11A 1,9780917974571,MANDRAGOLA,MACHIAVELLI,N/A,REQ,1,
 THA 11A 1,9780936839196,MISANTHROPE & OTHER FRENCH CLASSICS,BENTLEY,N/A,REQ,1,
 THA 11A 1,9781557830067,LIFE IS A DREAM,BENTLEY,N/A,REQ,0,
 SOC 119A 1,9781568586977,PROPHETS OF WAR,HARTUNG,N/A,REQ,,
 THA 138A 1,9781352001754,THEATRE MANAGEMENT,RHINE,N/A,REQ,4,
 THA 138A 1,9781352001754,THEATRE MANAGEMENT,RHINE,N/A,REQ,4,
 THA 138A 1,9781408134740,HOW TO RUN A THEATRE,VOLZ,N/A,REQ,1,
 THA 21B 1,9780615904900,TRUTH,BATSON,N/A,REQ,1,
 THA 21B 1,9781559362856,ACTOR & THE TARGET,DONNELLAN,N/A,REQ,0,
 THA 70A 1,9780415238328,DIRECTOR PREPARES,BOGART,N/A,REQ,2,
 THA 70A 1,9780684829579,EMPTY SPACE,BROOK,N/A,REQ,,
 THA 70A 1,9780878301553,TOWARDS A POOR THEATRE,GROTOWSKI,N/A,REQ,1,
 THA 70A 1,9781134556892,A DIRECTOR PREPARES,BOGART,N/A,REQ,1,
 UWS 16A 1,9780140135152,WAYS OF SEEING,BERGER,N/A,REQ,0,
 UWS 16A 1,9781337559508,MINDTAP ENGLISH FOR ROSENWASSER/STEPHEN'S WRITING ANALYTICALLY, 8TH EDITION,ROSENWASSER DAVID STEPHEN J,N/A,CHC,0,
 UWS 16A 1,9781337758437,WRITING ANALYTICALLY (W/ MINDTAP ENGLISH ACC),ROSENWASSER,N/A,CHC,0,
 UWS 16A 2,9780140135152,WAYS OF SEEING,BERGER,N/A,REQ,0,
 UWS 16A 2,9781337559508,MINDTAP ENGLISH FOR ROSENWASSER/STEPHEN'S WRITING ANALYTICALLY, 8TH EDITION,ROSENWASSER DAVID STEPHEN J,N/A,CHC,0,
 UWS 16A 2,9781337758437,WRITING ANALYTICALLY (W/ MINDTAP ENGLISH ACC),ROSENWASSER,N/A,CHC,0,
 MATH 8A 1,9781337517508,UNDERSTANDABLE STATISTICS: CONCEPTS AND METHODS,BRASE,N/A,REQ,0,
 THA 138A 1,9781352001747,THEATRE MANAGEMENT,RHINE,N/A,REQ,1,
 MUS 45A 1,9780393326383,BEETHOVEN: MUSIC & LIFE,LOCKWOOD,N/A,REQ,0,
